id,title,description,availability,condition,price,brand,google_product_category,image_link,link,custom_label_0,custom_label_1,quantity_to_sell_on_facebook
117772,Especiaria Chamel Gengibre Pó 30g,Vegetariano | Gengibre Po | Marca: Chamel | Embalagem: 30G,in stock,new,7.10 BRL,Chamel,Temperos & Especiarias,https://raw.githubusercontent.com/thewatermouse/thewatermouse.github.io/main/imagens_produtos/117772.jpg,https://thewatermouse.github.io/emporio.html,Vegetariano,,100
116574,Especiaria Chamel Cravo Pó 30g,Vegetariano | Cravo Po | Marca: Chamel | Embalagem: 30G,in stock,new,8.90 BRL,Chamel,Temperos & Especiarias,https://raw.githubusercontent.com/thewatermouse/thewatermouse.github.io/main/imagens_produtos/116574.jpg,https://thewatermouse.github.io/emporio.html,Vegetariano,,100
108758,Especiaria Byblos Páprica Doce 100g,Vegetariano | Paprica Doce | Marca: Byblos | Embalagem: 100G,in stock,new,8.90 BRL,Byblos,Temperos & Especiarias,https://raw.githubusercontent.com/thewatermouse/thewatermouse.github.io/main/imagens_produtos/108758.jpg,https://thewatermouse.github.io/emporio.html,Vegetariano,,100
105177,Farofa Caldobom Mix Milho Mandioca 400g,Vegetariano | Mix Milho Mandioca | Marca: Caldobom | Embalagem: 400G,in stock,new,8.90 BRL,Caldobom,Temperos & Especiarias,https://raw.githubusercontent.com/thewatermouse/thewatermouse.github.io/main/imagens_produtos/105177.jpg,https://thewatermouse.github.io/emporio.html,Vegetariano,,100
118866,Especiaria Bombay Pouch Gengibre 30g,Vegetariano | Pouch Gengibre | Marca: Bombay | Embalagem: 30G,in stock,new,10.25 BRL,Bombay,Temperos & Especiarias,https://raw.githubusercontent.com/thewatermouse/thewatermouse.github.io/main/imagens_produtos/118866.jpg,https://thewatermouse.github.io/emporio.html,Vegetariano,,100
105328,Especiaria Chamel Noz Moscada 2un,Vegetariano | Noz Moscada | Marca: Chamel | Embalagem: 2UN,in stock,new,10.70 BRL,Chamel,Temperos & Especiarias,https://raw.githubusercontent.com/thewatermouse/thewatermouse.github.io/main/imagens_produtos/105328.jpg,https://thewatermouse.github.io/emporio.html,Vegetariano,,100
107272,Especiaria Byblos Erva Doce 100g,Vegetariano | Erva Doce | Marca: Byblos | Embalagem: 100G,in stock,new,12.50 BRL,Byblos,Temperos & Especiarias,https://raw.githubusercontent.com/thewatermouse/thewatermouse.github.io/main/imagens_produtos/107272.jpg,https://thewatermouse.github.io/emporio.html,Vegetariano,,100
117422,Especiaria Levecroc Canela Pó 40g,Vegetariano | Canela Po | Marca: Levecroc | Embalagem: 40G,in stock,new,13.40 BRL,Levecroc,Temperos & Especiarias,https://raw.githubusercontent.com/thewatermouse/thewatermouse.github.io/main/imagens_produtos/117422.jpg,https://thewatermouse.github.io/emporio.html,Vegetariano,,100
117837,Especiaria Valeso Pet Páprica Picante 35g,Vegetariano | Pet Paprica Picante | Marca: Valeso | Embalagem: 35G,in stock,new,14.80 BRL,Valeso,Temperos & Especiarias,https://raw.githubusercontent.com/thewatermouse/thewatermouse.github.io/main/imagens_produtos/117837.jpg,https://thewatermouse.github.io/emporio.html,Vegetariano,,100
117838,Especiaria Valeso Pet Redang 35g,Vegetariano | Pet Redang | Marca: Valeso | Embalagem: 35G,in stock,new,14.80 BRL,Valeso,Temperos & Especiarias,https://raw.githubusercontent.com/thewatermouse/thewatermouse.github.io/main/imagens_produtos/117838.jpg,https://thewatermouse.github.io/emporio.html,Vegetariano,,100
108655,Especiaria Valeso Pet Cravo Pó 30g,Vegetariano | Pet Cravo Po | Marca: Valeso | Embalagem: 30G,in stock,new,14.80 BRL,Valeso,Temperos & Especiarias,https://raw.githubusercontent.com/thewatermouse/thewatermouse.github.io/main/imagens_produtos/108655.jpg,https://thewatermouse.github.io/emporio.html,Vegetariano,,100
108656,Especiaria Valeso Pet Canela Pó 35g,Vegetariano | Pet Canela Po | Marca: Valeso | Embalagem: 35G,in stock,new,14.80 BRL,Valeso,Temperos & Especiarias,https://raw.githubusercontent.com/thewatermouse/thewatermouse.github.io/main/imagens_produtos/108656.jpg,https://thewatermouse.github.io/emporio.html,Vegetariano,,100
118285,Especiaria Valeso Pet Golden Milk Cardamomo 35g,Vegetariano | Pet Golden Milk Cardamomo | Marca: Valeso | Embalagem: 35G,in stock,new,15.20 BRL,Valeso,Temperos & Especiarias,https://raw.githubusercontent.com/thewatermouse/thewatermouse.github.io/main/imagens_produtos/118285.jpg,https://thewatermouse.github.io/emporio.html,Vegetariano,,100
117834,Especiaria Valeso Pet Curry Madras 35g,Vegetariano | Pet Curry Madras | Marca: Valeso | Embalagem: 35G,in stock,new,15.20 BRL,Valeso,Temperos & Especiarias,https://raw.githubusercontent.com/thewatermouse/thewatermouse.github.io/main/imagens_produtos/117834.jpg,https://thewatermouse.github.io/emporio.html,Vegetariano,,100
115972,Especiaria Levecroc Açafrão Orgânico 60g,Vegetariano · Orgânico | Acafrao Organico | Marca: Levecroc | Embalagem: 60G,in stock,new,15.20 BRL,Levecroc,Temperos & Especiarias,https://raw.githubusercontent.com/thewatermouse/thewatermouse.github.io/main/imagens_produtos/115972.jpg,https://thewatermouse.github.io/emporio.html,Organico,Vegetariano,100
117836,Especiaria Valeso Pet Páprica Defumada 30g,Vegetariano | Pet Paprica Defumada | Marca: Valeso | Embalagem: 30G,in stock,new,15.20 BRL,Valeso,Temperos & Especiarias,https://raw.githubusercontent.com/thewatermouse/thewatermouse.github.io/main/imagens_produtos/117836.jpg,https://thewatermouse.github.io/emporio.html,Vegetariano,,100
107257,Especiaria Valeso Pet Cúrcuma Pó 35g,Vegetariano | Pet Curcuma Po | Marca: Valeso | Embalagem: 35G,in stock,new,15.20 BRL,Valeso,Temperos & Especiarias,https://raw.githubusercontent.com/thewatermouse/thewatermouse.github.io/main/imagens_produtos/107257.jpg,https://thewatermouse.github.io/emporio.html,Vegetariano,,100
117842,Especiaria Valeso Pet Vindaloo 35g,Vegetariano | Pet Vindaloo | Marca: Valeso | Embalagem: 35G,in stock,new,15.20 BRL,Valeso,Temperos & Especiarias,https://raw.githubusercontent.com/thewatermouse/thewatermouse.github.io/main/imagens_produtos/117842.jpg,https://thewatermouse.github.io/emporio.html,Vegetariano,,100
107845,Especiaria Valeso Pet Noz Moscada Inteira 15g,Vegetariano | Pet Noz Moscada Inteira | Marca: Valeso | Embalagem: 15G,in stock,new,15.75 BRL,Valeso,Temperos & Especiarias,https://raw.githubusercontent.com/thewatermouse/thewatermouse.github.io/main/imagens_produtos/107845.jpg,https://thewatermouse.github.io/emporio.html,Vegetariano,,100
118281,Especiaria Valeso Pet Guarana 45g,Vegetariano | Pet Guarana | Marca: Valeso | Embalagem: 45G,in stock,new,15.90 BRL,Valeso,Temperos & Especiarias,https://raw.githubusercontent.com/thewatermouse/thewatermouse.github.io/main/imagens_produtos/118281.jpg,https://thewatermouse.github.io/emporio.html,Vegetariano,,100
111150,Especiaria Brspices Alecrim 20g,Vegetariano | Alecrim | Marca: Brspices | Embalagem: 20G,in stock,new,16.35 BRL,Brspices,Temperos & Especiarias,https://raw.githubusercontent.com/thewatermouse/thewatermouse.github.io/main/imagens_produtos/111150.jpg,https://thewatermouse.github.io/emporio.html,Vegetariano,,100
107522,Especiaria Brspices Orégano 10g,Vegetariano | Oregano | Marca: Brspices | Embalagem: 10G,in stock,new,16.55 BRL,Brspices,Temperos & Especiarias,https://raw.githubusercontent.com/thewatermouse/thewatermouse.github.io/main/imagens_produtos/107522.jpg,https://thewatermouse.github.io/emporio.html,Vegetariano,,100
118282,Especiaria Valeso Pet Pumpkin Pie Spice 35g,Vegetariano | Pet Pumpkin Pie Spice | Marca: Valeso | Embalagem: 35G,in stock,new,16.70 BRL,Valeso,Temperos & Especiarias,https://raw.githubusercontent.com/thewatermouse/thewatermouse.github.io/main/imagens_produtos/118282.jpg,https://thewatermouse.github.io/emporio.html,Vegetariano,,100
119445,Especiaria Brspices Cúrcuma 60g,Vegetariano | Curcuma | Marca: Brspices | Embalagem: 60G,in stock,new,17.35 BRL,Brspices,Temperos & Especiarias,https://raw.githubusercontent.com/thewatermouse/thewatermouse.github.io/main/imagens_produtos/119445.jpg,https://thewatermouse.github.io/emporio.html,Vegetariano,,100
107270,Especiaria Bombay Pouch Zaatar 40g,Vegetariano | Pouch Zaatar | Marca: Bombay | Embalagem: 40G,in stock,new,17.90 BRL,Bombay,Temperos & Especiarias,https://raw.githubusercontent.com/thewatermouse/thewatermouse.github.io/main/imagens_produtos/107270.jpg,https://thewatermouse.github.io/emporio.html,Vegetariano,,100
119607,Especiaria Jatoba Cravo 30g,Vegetariano | Cravo | Marca: Jatoba | Embalagem: 30G,in stock,new,18.50 BRL,Jatoba,Temperos & Especiarias,https://raw.githubusercontent.com/thewatermouse/thewatermouse.github.io/main/imagens_produtos/119607.jpg,https://thewatermouse.github.io/emporio.html,Vegetariano,,100
107454,Especiaria Graovizir Coentro 25g,Vegetariano | Coentro | Marca: Graovizir | Embalagem: 25G,in stock,new,18.80 BRL,Graovizir,Temperos & Especiarias,https://raw.githubusercontent.com/thewatermouse/thewatermouse.github.io/main/imagens_produtos/107454.jpg,https://thewatermouse.github.io/emporio.html,Vegetariano,,100
107447,Especiaria Graovizir Orégano 15g,Vegetariano | Oregano | Marca: Graovizir | Embalagem: 15G,in stock,new,18.80 BRL,Graovizir,Temperos & Especiarias,https://raw.githubusercontent.com/thewatermouse/thewatermouse.github.io/main/imagens_produtos/107447.jpg,https://thewatermouse.github.io/emporio.html,Vegetariano,,100
117920,Especiaria Graovizir Endro 35g,Vegetariano | Endro | Marca: Graovizir | Embalagem: 35G,in stock,new,18.80 BRL,Graovizir,Temperos & Especiarias,https://raw.githubusercontent.com/thewatermouse/thewatermouse.github.io/main/imagens_produtos/117920.jpg,https://thewatermouse.github.io/emporio.html,Vegetariano,,100
118785,Especiaria Graovizir Funcho 35g,Vegetariano | Funcho | Marca: Graovizir | Embalagem: 35G,in stock,new,18.80 BRL,Graovizir,Temperos & Especiarias,https://raw.githubusercontent.com/thewatermouse/thewatermouse.github.io/main/imagens_produtos/118785.jpg,https://thewatermouse.github.io/emporio.html,Vegetariano,,100
107448,Especiaria Graovizir Mostarda Clara 45g,Vegetariano | Mostarda Clara | Marca: Graovizir | Embalagem: 45G,in stock,new,18.80 BRL,Graovizir,Temperos & Especiarias,https://raw.githubusercontent.com/thewatermouse/thewatermouse.github.io/main/imagens_produtos/107448.jpg,https://thewatermouse.github.io/emporio.html,Vegetariano,,100
107456,Especiaria Graovizir Cúrcuma 45g,Vegetariano | Curcuma | Marca: Graovizir | Embalagem: 45G,in stock,new,18.80 BRL,Graovizir,Temperos & Especiarias,https://raw.githubusercontent.com/thewatermouse/thewatermouse.github.io/main/imagens_produtos/107456.jpg,https://thewatermouse.github.io/emporio.html,Vegetariano,,100
119075,Especiaria Graovizir Capim Limão 10g,Vegetariano | Capim Limao | Marca: Graovizir | Embalagem: 10G,in stock,new,18.80 BRL,Graovizir,Temperos & Especiarias,https://raw.githubusercontent.com/thewatermouse/thewatermouse.github.io/main/imagens_produtos/119075.jpg,https://thewatermouse.github.io/emporio.html,Vegetariano,,100
109141,Bala Amatuvida Gengibre Cravo Canela 40g,Vegetariano | Gengibre Cravo Canela | Marca: Amatuvida | Embalagem: 40G,in stock,new,4.10 BRL,Amatuvida,Barras & Snacks,https://raw.githubusercontent.com/thewatermouse/thewatermouse.github.io/main/imagens_produtos/109141.jpg,https://thewatermouse.github.io/emporio.html,Vegetariano,,100
109165,Bala Amatuvida Gengibre Limão 40g,Vegetariano | Gengibre Limao | Marca: Amatuvida | Embalagem: 40G,in stock,new,4.10 BRL,Amatuvida,Barras & Snacks,https://raw.githubusercontent.com/thewatermouse/thewatermouse.github.io/main/imagens_produtos/109165.jpg,https://thewatermouse.github.io/emporio.html,Vegetariano,,100
109140,Bala Amatuvida Gengibre Mel Propolis 40g,Vegetariano | Gengibre Mel Propolis | Marca: Amatuvida | Embalagem: 40G,in stock,new,4.10 BRL,Amatuvida,Barras & Snacks,https://raw.githubusercontent.com/thewatermouse/thewatermouse.github.io/main/imagens_produtos/109140.jpg,https://thewatermouse.github.io/emporio.html,Vegetariano,,100
110849,Bala Amatuvida Gengibre Mel Guaco Propolis 40g,Vegetariano | Gengibre Mel Guaco Propolis | Marca: Amatuvida | Embalagem: 40G,in stock,new,4.10 BRL,Amatuvida,Barras & Snacks,https://raw.githubusercontent.com/thewatermouse/thewatermouse.github.io/main/imagens_produtos/110849.jpg,https://thewatermouse.github.io/emporio.html,Vegetariano,,100
108637,Bala Amatuvida Gengibre Mel 40g,Vegetariano | Gengibre Mel | Marca: Amatuvida | Embalagem: 40G,in stock,new,4.10 BRL,Amatuvida,Barras & Snacks,https://raw.githubusercontent.com/thewatermouse/thewatermouse.github.io/main/imagens_produtos/108637.jpg,https://thewatermouse.github.io/emporio.html,Vegetariano,,100
111526,Bolinho Suavipan Vegano Laranja Cenoura 35g,Vegano · Vegetariano | Vegano Laranja Cenoura | Marca: Suavipan | Embalagem: 35G,in stock,new,5.45 BRL,Suavipan,Barras & Snacks,https://raw.githubusercontent.com/thewatermouse/thewatermouse.github.io/main/imagens_produtos/111526.jpg,https://thewatermouse.github.io/emporio.html,Vegano,Vegetariano,100
116732,Barra Agtal Avelã Nibs 30g,Vegetariano | Avela Nibs | Marca: Agtal | Embalagem: 30G,in stock,new,6.40 BRL,Agtal,Barras & Snacks,https://raw.githubusercontent.com/thewatermouse/thewatermouse.github.io/main/imagens_produtos/116732.jpg,https://thewatermouse.github.io/emporio.html,Vegetariano,,100
111369,Barra Agtal Nozes Canela 30g,Vegetariano | Nozes Canela | Marca: Agtal | Embalagem: 30G,in stock,new,6.40 BRL,Agtal,Barras & Snacks,https://raw.githubusercontent.com/thewatermouse/thewatermouse.github.io/main/imagens_produtos/111369.jpg,https://thewatermouse.github.io/emporio.html,Vegetariano,,100
114541,Barra Agtal Coco Amêndoas 30g,Vegetariano | Coco Amendoas | Marca: Agtal | Embalagem: 30G,in stock,new,6.40 BRL,Agtal,Barras & Snacks,https://raw.githubusercontent.com/thewatermouse/thewatermouse.github.io/main/imagens_produtos/114541.jpg,https://thewatermouse.github.io/emporio.html,Vegetariano,,100
114542,Barra Agtal Cranberry 30g,Vegetariano | Cranberry | Marca: Agtal | Embalagem: 30G,in stock,new,6.40 BRL,Agtal,Barras & Snacks,https://raw.githubusercontent.com/thewatermouse/thewatermouse.github.io/main/imagens_produtos/114542.jpg,https://thewatermouse.github.io/emporio.html,Vegetariano,,100
107819,Bala Prodapys Gengibre Cravo Canela 40g,Vegetariano | Gengibre Cravo Canela | Marca: Prodapys | Embalagem: 40G,in stock,new,7.10 BRL,Prodapys,Barras & Snacks,https://raw.githubusercontent.com/thewatermouse/thewatermouse.github.io/main/imagens_produtos/107819.jpg,https://thewatermouse.github.io/emporio.html,Vegetariano,,100
105281,Bala Prodapys Gengibre 40g,Vegetariano | Gengibre | Marca: Prodapys | Embalagem: 40G,in stock,new,7.10 BRL,Prodapys,Barras & Snacks,https://raw.githubusercontent.com/thewatermouse/thewatermouse.github.io/main/imagens_produtos/105281.jpg,https://thewatermouse.github.io/emporio.html,Vegetariano,,100
115011,Barra Harts Coco Choco 35g,Vegetariano | Coco Choco | Marca: Harts | Embalagem: 35G,in stock,new,7.90 BRL,Harts,Barras & Snacks,https://raw.githubusercontent.com/thewatermouse/thewatermouse.github.io/main/imagens_produtos/115011.jpg,https://thewatermouse.github.io/emporio.html,Vegetariano,,100
115617,Barra Harts Cranberry Chocolate 35g,Vegetariano | Cranberry Chocolate | Marca: Harts | Embalagem: 35G,in stock,new,7.90 BRL,Harts,Barras & Snacks,https://raw.githubusercontent.com/thewatermouse/thewatermouse.github.io/main/imagens_produtos/115617.jpg,https://thewatermouse.github.io/emporio.html,Vegetariano,,100
116238,Barra Move Protein Cacau 40g,Vegetariano | Protein Cacau | Marca: Move | Embalagem: 40G,in stock,new,8.90 BRL,Move,Barras & Snacks,https://raw.githubusercontent.com/thewatermouse/thewatermouse.github.io/main/imagens_produtos/116238.jpg,https://thewatermouse.github.io/emporio.html,Vegetariano,,100
118497,Barra Move Protein Banana 40g,Vegetariano | Protein Banana | Marca: Move | Embalagem: 40G,in stock,new,8.90 BRL,Move,Barras & Snacks,https://raw.githubusercontent.com/thewatermouse/thewatermouse.github.io/main/imagens_produtos/118497.jpg,https://thewatermouse.github.io/emporio.html,Vegetariano,,100
115648,Brownie Belive Chocolate 40g,Vegetariano | Chocolate | Marca: Belive | Embalagem: 40G,in stock,new,8.95 BRL,Belive,Barras & Snacks,https://raw.githubusercontent.com/thewatermouse/thewatermouse.github.io/main/imagens_produtos/115648.jpg,https://thewatermouse.github.io/emporio.html,Vegetariano,,100
105553,Barra Bio2 Vegan Crunchy Caramelo 28g,Vegano · Vegetariano | Vegan Crunchy Caramelo | Marca: Bio2 | Embalagem: 28G,in stock,new,8.95 BRL,Bio2,Barras & Snacks,https://raw.githubusercontent.com/thewatermouse/thewatermouse.github.io/main/imagens_produtos/105553.jpg,https://thewatermouse.github.io/emporio.html,Vegano,Vegetariano,100
113445,Chip Rootstogo Mandioca Batata Doce Original 45g,Vegetariano | Mandioca Batata Doce Original | Marca: Rootstogo | Embalagem: 45G,in stock,new,9.15 BRL,Rootstogo,Barras & Snacks,https://raw.githubusercontent.com/thewatermouse/thewatermouse.github.io/main/imagens_produtos/113445.jpg,https://thewatermouse.github.io/emporio.html,Vegetariano,,100
117353,Chip Rootstogo Batata Doce Azeite 45g,Vegetariano | Batata Doce Azeite | Marca: Rootstogo | Embalagem: 45G,in stock,new,9.15 BRL,Rootstogo,Barras & Snacks,https://raw.githubusercontent.com/thewatermouse/thewatermouse.github.io/main/imagens_produtos/117353.jpg,https://thewatermouse.github.io/emporio.html,Vegetariano,,100
117351,Chip Rootstogo Teriyaki 45g,Vegetariano | Teriyaki | Marca: Rootstogo | Embalagem: 45G,in stock,new,9.15 BRL,Rootstogo,Barras & Snacks,https://raw.githubusercontent.com/thewatermouse/thewatermouse.github.io/main/imagens_produtos/117351.jpg,https://thewatermouse.github.io/emporio.html,Vegetariano,,100
113444,Chip Rootstogo Batata Doce 45g,Vegetariano | Batata Doce | Marca: Rootstogo | Embalagem: 45G,in stock,new,9.15 BRL,Rootstogo,Barras & Snacks,https://raw.githubusercontent.com/thewatermouse/thewatermouse.github.io/main/imagens_produtos/113444.jpg,https://thewatermouse.github.io/emporio.html,Vegetariano,,100
117346,Chip Rootstogo Dijon 45g,Vegetariano | Dijon | Marca: Rootstogo | Embalagem: 45G,in stock,new,9.15 BRL,Rootstogo,Barras & Snacks,https://raw.githubusercontent.com/thewatermouse/thewatermouse.github.io/main/imagens_produtos/117346.jpg,https://thewatermouse.github.io/emporio.html,Vegetariano,,100
116261,Brownie Belive Protein Double Choco 40g,Vegetariano | Protein Double Choco | Marca: Belive | Embalagem: 40G,in stock,new,9.75 BRL,Belive,Barras & Snacks,https://raw.githubusercontent.com/thewatermouse/thewatermouse.github.io/main/imagens_produtos/116261.jpg,https://thewatermouse.github.io/emporio.html,Vegetariano,,100
118661,Brownie Belive Protein Double Choc Zero 40g,Vegetariano | Protein Double Choc Zero | Marca: Belive | Embalagem: 40G,in stock,new,9.75 BRL,Belive,Barras & Snacks,https://raw.githubusercontent.com/thewatermouse/thewatermouse.github.io/main/imagens_produtos/118661.jpg,https://thewatermouse.github.io/emporio.html,Vegetariano,,100
109619,Barra Bio2 Protein Cacau Maçã 40g,Vegetariano | Protein Cacau Maca | Marca: Bio2 | Embalagem: 40G,in stock,new,9.95 BRL,Bio2,Barras & Snacks,https://raw.githubusercontent.com/thewatermouse/thewatermouse.github.io/main/imagens_produtos/109619.jpg,https://thewatermouse.github.io/emporio.html,Vegetariano,,100
115093,Barra Bio2 Protein Alfarroba 40g,Vegetariano | Protein Alfarroba | Marca: Bio2 | Embalagem: 40G,in stock,new,9.95 BRL,Bio2,Barras & Snacks,https://raw.githubusercontent.com/thewatermouse/thewatermouse.github.io/main/imagens_produtos/115093.jpg,https://thewatermouse.github.io/emporio.html,Vegetariano,,100
115246,Barra Bio2 Protein Baunilha 40g,Vegetariano | Protein Baunilha | Marca: Bio2 | Embalagem: 40G,in stock,new,9.95 BRL,Bio2,Barras & Snacks,https://raw.githubusercontent.com/thewatermouse/thewatermouse.github.io/main/imagens_produtos/115246.jpg,https://thewatermouse.github.io/emporio.html,Vegetariano,,100
113762,Leque Biju Chocolate 90g,Vegetariano | Biju Chocolate | Embalagem: 90G,in stock,new,10.70 BRL,Melinda & Julius,Barras & Snacks,https://raw.githubusercontent.com/thewatermouse/thewatermouse.github.io/main/imagens_produtos/113762.jpg,https://thewatermouse.github.io/emporio.html,Vegetariano,,100
116478,Brownie Tapibrownie Tradicional 50g,Vegetariano | Tapibrownie Tradicional | Embalagem: 50G,in stock,new,11.60 BRL,Melinda & Julius,Barras & Snacks,https://raw.githubusercontent.com/thewatermouse/thewatermouse.github.io/main/imagens_produtos/116478.jpg,https://thewatermouse.github.io/emporio.html,Vegetariano,,100
112976,Bala Natureza Gengibre Tradicional 40g,Vegetariano | Gengibre Tradicional | Marca: Natureza | Embalagem: 40G,in stock,new,12.50 BRL,Natureza,Barras & Snacks,https://raw.githubusercontent.com/thewatermouse/thewatermouse.github.io/main/imagens_produtos/112976.jpg,https://thewatermouse.github.io/emporio.html,Vegetariano,,100
115539,Brownie Houseofmaya Belga 50g,Vegetariano | Belga | Marca: Houseofmaya | Embalagem: 50G,in stock,new,13.40 BRL,Houseofmaya,Barras & Snacks,https://raw.githubusercontent.com/thewatermouse/thewatermouse.github.io/main/imagens_produtos/115539.jpg,https://thewatermouse.github.io/emporio.html,Vegetariano,,100
115288,Barra 3coracoes Caramelo 50g,Vegetariano | 3Coracoes Caramelo | Embalagem: 50G,in stock,new,13.40 BRL,Melinda & Julius,Barras & Snacks,https://raw.githubusercontent.com/thewatermouse/thewatermouse.github.io/main/imagens_produtos/115288.jpg,https://thewatermouse.github.io/emporio.html,Vegetariano,,100
113474,Granola Levecroc Especial Sem Glúten 200g,Vegetariano · Sem Glúten | Especial Sem Gluten | Marca: Levecroc | Embalagem: 200G,in stock,new,15.65 BRL,Levecroc,Barras & Snacks,https://raw.githubusercontent.com/thewatermouse/thewatermouse.github.io/main/imagens_produtos/113474.jpg,https://thewatermouse.github.io/emporio.html,Sem Gluten,Vegetariano,100
105236,Canjica Okoshi Salgada 40g,Vegetariano | Salgada | Marca: Okoshi | Embalagem: 40G,in stock,new,4.95 BRL,Okoshi,"Grãos, Cereais & Sementes",https://raw.githubusercontent.com/thewatermouse/thewatermouse.github.io/main/imagens_produtos/105236.jpg,https://thewatermouse.github.io/emporio.html,Vegetariano,,100
116471,Feijão Camil Preto 500g,Vegetariano | Preto | Marca: Camil | Embalagem: 500G,in stock,new,5.30 BRL,Camil,"Grãos, Cereais & Sementes",https://raw.githubusercontent.com/thewatermouse/thewatermouse.github.io/main/imagens_produtos/116471.jpg,https://thewatermouse.github.io/emporio.html,Vegetariano,,100
108190,Linhaça Casaforte Grão Marrom 200g,Vegetariano | Grao Marrom | Marca: Casaforte | Embalagem: 200G,in stock,new,5.95 BRL,Casaforte,"Grãos, Cereais & Sementes",https://raw.githubusercontent.com/thewatermouse/thewatermouse.github.io/main/imagens_produtos/108190.jpg,https://thewatermouse.github.io/emporio.html,Vegetariano,,100
108362,Feijão Casaforte Moyashi 300g,Vegetariano | Moyashi | Marca: Casaforte | Embalagem: 300G,in stock,new,6.65 BRL,Casaforte,"Grãos, Cereais & Sementes",https://raw.githubusercontent.com/thewatermouse/thewatermouse.github.io/main/imagens_produtos/108362.jpg,https://thewatermouse.github.io/emporio.html,Vegetariano,,100
118233,Canjica Okoshi Açúcar Coco 50g,Vegetariano | Acucar Coco | Marca: Okoshi | Embalagem: 50G,in stock,new,6.65 BRL,Okoshi,"Grãos, Cereais & Sementes",https://raw.githubusercontent.com/thewatermouse/thewatermouse.github.io/main/imagens_produtos/118233.jpg,https://thewatermouse.github.io/emporio.html,Vegetariano,,100
117257,Arroz Camil Branco Polido 1kg,Vegetariano | Branco Polido | Marca: Camil | Embalagem: 1KG,in stock,new,7.25 BRL,Camil,"Grãos, Cereais & Sementes",https://raw.githubusercontent.com/thewatermouse/thewatermouse.github.io/main/imagens_produtos/117257.jpg,https://thewatermouse.github.io/emporio.html,Vegetariano,,100
115924,Linhaça Vitalin Grão Dourada 120g,Vegetariano | Grao Dourada | Marca: Vitalin | Embalagem: 120G,in stock,new,7.55 BRL,Vitalin,"Grãos, Cereais & Sementes",https://raw.githubusercontent.com/thewatermouse/thewatermouse.github.io/main/imagens_produtos/115924.jpg,https://thewatermouse.github.io/emporio.html,Vegetariano,,100
119555,Grão Bico Camil Pronto 380g,Vegetariano | Pronto | Marca: Camil | Embalagem: 380G,in stock,new,7.95 BRL,Camil,"Grãos, Cereais & Sementes",https://raw.githubusercontent.com/thewatermouse/thewatermouse.github.io/main/imagens_produtos/119555.jpg,https://thewatermouse.github.io/emporio.html,Vegetariano,,100
118495,Feijão Camil Pronto Preto Temperado 380g,Vegetariano | Pronto Preto Temperado | Marca: Camil | Embalagem: 380G,in stock,new,8.45 BRL,Camil,"Grãos, Cereais & Sementes",https://raw.githubusercontent.com/thewatermouse/thewatermouse.github.io/main/imagens_produtos/118495.jpg,https://thewatermouse.github.io/emporio.html,Vegetariano,,100
118481,Feijão Ceres Azuki 200g,Vegetariano | Azuki | Marca: Ceres | Embalagem: 200G,in stock,new,8.50 BRL,Ceres,"Grãos, Cereais & Sementes",https://raw.githubusercontent.com/thewatermouse/thewatermouse.github.io/main/imagens_produtos/118481.jpg,https://thewatermouse.github.io/emporio.html,Vegetariano,,100
117258,Arroz Camil Agulha Integral Parbolizado 1kg,Vegetariano | Agulha Integral Parbolizado | Marca: Camil | Embalagem: 1KG,in stock,new,8.90 BRL,Camil,"Grãos, Cereais & Sementes",https://raw.githubusercontent.com/thewatermouse/thewatermouse.github.io/main/imagens_produtos/117258.jpg,https://thewatermouse.github.io/emporio.html,Vegetariano,Integral,100
117211,Canjica Camil Milho Branco 500g,Vegetariano | Milho Branco | Marca: Camil | Embalagem: 500G,in stock,new,9.35 BRL,Camil,"Grãos, Cereais & Sementes",https://raw.githubusercontent.com/thewatermouse/thewatermouse.github.io/main/imagens_produtos/117211.jpg,https://thewatermouse.github.io/emporio.html,Vegetariano,,100
114443,Ervilha Camil 500g,Vegetariano | Marca: Camil | Embalagem: 500G,in stock,new,9.35 BRL,Camil,"Grãos, Cereais & Sementes",https://raw.githubusercontent.com/thewatermouse/thewatermouse.github.io/main/imagens_produtos/114443.jpg,https://thewatermouse.github.io/emporio.html,Vegetariano,,100
105123,Cevada Macrozen Grão 500g,Vegetariano | Grao | Marca: Macrozen | Embalagem: 500G,in stock,new,9.85 BRL,Macrozen,"Grãos, Cereais & Sementes",https://raw.githubusercontent.com/thewatermouse/thewatermouse.github.io/main/imagens_produtos/105123.jpg,https://thewatermouse.github.io/emporio.html,Vegetariano,,100
114446,Feijão Camil Pronto Carioca para Temperar 490g,Vegetariano | Pronto Carioca Para Temperar | Marca: Camil | Embalagem: 490G,in stock,new,10.85 BRL,Camil,"Grãos, Cereais & Sementes",https://raw.githubusercontent.com/thewatermouse/thewatermouse.github.io/main/imagens_produtos/114446.jpg,https://thewatermouse.github.io/emporio.html,Vegetariano,,100
117423,Gergelim Levecroc Mix 100g,Vegetariano | Mix | Marca: Levecroc | Embalagem: 100G,in stock,new,11.60 BRL,Levecroc,"Grãos, Cereais & Sementes",https://raw.githubusercontent.com/thewatermouse/thewatermouse.github.io/main/imagens_produtos/117423.jpg,https://thewatermouse.github.io/emporio.html,Vegetariano,,100
114450,Feijão Camil Pronto Preto para Temperar 490g,Vegetariano | Pronto Preto Para Temperar | Marca: Camil | Embalagem: 490G,in stock,new,11.60 BRL,Camil,"Grãos, Cereais & Sementes",https://raw.githubusercontent.com/thewatermouse/thewatermouse.github.io/main/imagens_produtos/114450.jpg,https://thewatermouse.github.io/emporio.html,Vegetariano,,100
114448,Feijão Camil Carioca 1kg,Vegetariano | Carioca | Marca: Camil | Embalagem: 1KG,in stock,new,11.95 BRL,Camil,"Grãos, Cereais & Sementes",https://raw.githubusercontent.com/thewatermouse/thewatermouse.github.io/main/imagens_produtos/114448.jpg,https://thewatermouse.github.io/emporio.html,Vegetariano,,100
114444,Grão Bico Camil 500g,Vegetariano | Marca: Camil | Embalagem: 500G,in stock,new,12.50 BRL,Camil,"Grãos, Cereais & Sementes",https://raw.githubusercontent.com/thewatermouse/thewatermouse.github.io/main/imagens_produtos/114444.jpg,https://thewatermouse.github.io/emporio.html,Vegetariano,,100
116808,Grão Bico Caldobom 250g,Vegetariano | Marca: Caldobom | Embalagem: 250G,in stock,new,13.40 BRL,Caldobom,"Grãos, Cereais & Sementes",https://raw.githubusercontent.com/thewatermouse/thewatermouse.github.io/main/imagens_produtos/116808.jpg,https://thewatermouse.github.io/emporio.html,Vegetariano,,100
115436,Feijão Casaforte Azuki 500g,Vegetariano | Azuki | Marca: Casaforte | Embalagem: 500G,in stock,new,13.40 BRL,Casaforte,"Grãos, Cereais & Sementes",https://raw.githubusercontent.com/thewatermouse/thewatermouse.github.io/main/imagens_produtos/115436.jpg,https://thewatermouse.github.io/emporio.html,Vegetariano,,100
105153,Cevadinha Branca Macrozen 500g,Vegetariano | Marca: Macrozen | Embalagem: 500G,in stock,new,13.40 BRL,Macrozen,"Grãos, Cereais & Sementes",https://raw.githubusercontent.com/thewatermouse/thewatermouse.github.io/main/imagens_produtos/105153.jpg,https://thewatermouse.github.io/emporio.html,Vegetariano,,100
105127,Gérmen Trigo Macrozen Cru 500g,Vegetariano | Cru | Marca: Macrozen | Embalagem: 500G,in stock,new,13.60 BRL,Macrozen,"Grãos, Cereais & Sementes",https://raw.githubusercontent.com/thewatermouse/thewatermouse.github.io/main/imagens_produtos/105127.jpg,https://thewatermouse.github.io/emporio.html,Vegetariano,,100
104856,Feijão Caldobom Vermelho 250g,Vegetariano | Vermelho | Marca: Caldobom | Embalagem: 250G,in stock,new,13.90 BRL,Caldobom,"Grãos, Cereais & Sementes",https://raw.githubusercontent.com/thewatermouse/thewatermouse.github.io/main/imagens_produtos/104856.jpg,https://thewatermouse.github.io/emporio.html,Vegetariano,,100
105836,Arroz Volkmann Agulhinha Integral 1kg,Vegetariano | Agulhinha Integral | Marca: Volkmann | Embalagem: 1KG,in stock,new,14.30 BRL,Volkmann,"Grãos, Cereais & Sementes",https://raw.githubusercontent.com/thewatermouse/thewatermouse.github.io/main/imagens_produtos/105836.jpg,https://thewatermouse.github.io/emporio.html,Vegetariano,Integral,100
115456,Feijão Camil Rosinha 500g,Vegetariano | Rosinha | Marca: Camil | Embalagem: 500G,in stock,new,14.30 BRL,Camil,"Grãos, Cereais & Sementes",https://raw.githubusercontent.com/thewatermouse/thewatermouse.github.io/main/imagens_produtos/115456.jpg,https://thewatermouse.github.io/emporio.html,Vegetariano,,100
104637,Arroz Guin Japonês 404 Tipo1 1kg,Vegetariano | Japones Tipo1 | Marca: Guin | Embalagem: 1KG,in stock,new,14.30 BRL,Guin,"Grãos, Cereais & Sementes",https://raw.githubusercontent.com/thewatermouse/thewatermouse.github.io/main/imagens_produtos/104637.jpg,https://thewatermouse.github.io/emporio.html,Vegetariano,,100
108525,Arroz Tiojoao 7graos Passas 500g,Vegetariano | 7Graos Passas | Marca: Tiojoao | Embalagem: 500G,in stock,new,14.95 BRL,Tiojoao,"Grãos, Cereais & Sementes",https://raw.githubusercontent.com/thewatermouse/thewatermouse.github.io/main/imagens_produtos/108525.jpg,https://thewatermouse.github.io/emporio.html,Vegetariano,,100
114222,Farinha Copra Coco 100g,Vegetariano | Coco | Marca: Copra | Embalagem: 100G,in stock,new,3.75 BRL,Copra,"Farinhas, Amidos & Panificação",https://raw.githubusercontent.com/thewatermouse/thewatermouse.github.io/main/imagens_produtos/114222.jpg,https://thewatermouse.github.io/emporio.html,Vegetariano,,100
107512,Farelo Macrozen Trigo 200g,Vegetariano | Trigo | Marca: Macrozen | Embalagem: 200G,in stock,new,6.50 BRL,Macrozen,"Farinhas, Amidos & Panificação",https://raw.githubusercontent.com/thewatermouse/thewatermouse.github.io/main/imagens_produtos/107512.jpg,https://thewatermouse.github.io/emporio.html,Vegetariano,,100
108786,Farelo Macrozen Aveia 200g,Vegetariano | Aveia | Marca: Macrozen | Embalagem: 200G,in stock,new,8.10 BRL,Macrozen,"Farinhas, Amidos & Panificação",https://raw.githubusercontent.com/thewatermouse/thewatermouse.github.io/main/imagens_produtos/108786.jpg,https://thewatermouse.github.io/emporio.html,Vegetariano,,100
105120,Flocos Macrozen Arroz 200g,Vegetariano | Arroz | Marca: Macrozen | Embalagem: 200G,in stock,new,8.90 BRL,Macrozen,"Farinhas, Amidos & Panificação",https://raw.githubusercontent.com/thewatermouse/thewatermouse.github.io/main/imagens_produtos/105120.jpg,https://thewatermouse.github.io/emporio.html,Vegetariano,,100
116185,Bicarbonato Sodio Lablife 100g,Vegetariano | Sodio Lablife | Embalagem: 100G,in stock,new,9.80 BRL,Melinda & Julius,"Farinhas, Amidos & Panificação",https://raw.githubusercontent.com/thewatermouse/thewatermouse.github.io/main/imagens_produtos/116185.jpg,https://thewatermouse.github.io/emporio.html,Vegetariano,,100
105117,Farinha Macrozen Centeio 500g,Vegetariano | Centeio | Marca: Macrozen | Embalagem: 500G,in stock,new,9.95 BRL,Macrozen,"Farinhas, Amidos & Panificação",https://raw.githubusercontent.com/thewatermouse/thewatermouse.github.io/main/imagens_produtos/105117.jpg,https://thewatermouse.github.io/emporio.html,Vegetariano,,100
105142,Fécula Macrozen Mandioca 500g,Vegetariano | Mandioca | Marca: Macrozen | Embalagem: 500G,in stock,new,10.95 BRL,Macrozen,"Farinhas, Amidos & Panificação",https://raw.githubusercontent.com/thewatermouse/thewatermouse.github.io/main/imagens_produtos/105142.jpg,https://thewatermouse.github.io/emporio.html,Vegetariano,,100
107290,Farinha Casaforte Maracuja 200g,Vegetariano | Maracuja | Marca: Casaforte | Embalagem: 200G,in stock,new,11.15 BRL,Casaforte,"Farinhas, Amidos & Panificação",https://raw.githubusercontent.com/thewatermouse/thewatermouse.github.io/main/imagens_produtos/107290.jpg,https://thewatermouse.github.io/emporio.html,Vegetariano,,100
114888,Flocos Levecroc Milho 250g,Vegetariano | Milho | Marca: Levecroc | Embalagem: 250G,in stock,new,11.20 BRL,Levecroc,"Farinhas, Amidos & Panificação",https://raw.githubusercontent.com/thewatermouse/thewatermouse.github.io/main/imagens_produtos/114888.jpg,https://thewatermouse.github.io/emporio.html,Vegetariano,,100
105119,Flocos Macrozen Aveia Fino 500g,Vegetariano | Aveia Fino | Marca: Macrozen | Embalagem: 500G,in stock,new,11.35 BRL,Macrozen,"Farinhas, Amidos & Panificação",https://raw.githubusercontent.com/thewatermouse/thewatermouse.github.io/main/imagens_produtos/105119.jpg,https://thewatermouse.github.io/emporio.html,Vegetariano,,100
109869,Flocos Macrozen Aveia Laminado 500g,Vegetariano | Aveia Laminado | Marca: Macrozen | Embalagem: 500G,in stock,new,11.36 BRL,Macrozen,"Farinhas, Amidos & Panificação",https://raw.githubusercontent.com/thewatermouse/thewatermouse.github.io/main/imagens_produtos/109869.jpg,https://thewatermouse.github.io/emporio.html,Vegetariano,,100
107702,Flocos Ecobio Aveia Laminado 250g,Vegetariano | Aveia Laminado | Marca: Ecobio | Embalagem: 250G,in stock,new,11.60 BRL,Ecobio,"Farinhas, Amidos & Panificação",https://raw.githubusercontent.com/thewatermouse/thewatermouse.github.io/main/imagens_produtos/107702.jpg,https://thewatermouse.github.io/emporio.html,Vegetariano,,100
117002,Farinha Coopernatural Centeio 350g,Vegetariano | Centeio | Marca: Coopernatural | Embalagem: 350G,in stock,new,11.60 BRL,Coopernatural,"Farinhas, Amidos & Panificação",https://raw.githubusercontent.com/thewatermouse/thewatermouse.github.io/main/imagens_produtos/117002.jpg,https://thewatermouse.github.io/emporio.html,Vegetariano,,100
108133,Flocao Ecobio Milho 250g,Vegetariano | Milho | Marca: Ecobio | Embalagem: 250G,in stock,new,11.60 BRL,Ecobio,"Farinhas, Amidos & Panificação",https://raw.githubusercontent.com/thewatermouse/thewatermouse.github.io/main/imagens_produtos/108133.jpg,https://thewatermouse.github.io/emporio.html,Vegetariano,,100
118540,Farinha Ecobio Aveia 250g,Vegetariano | Aveia | Marca: Ecobio | Embalagem: 250G,in stock,new,11.60 BRL,Ecobio,"Farinhas, Amidos & Panificação",https://raw.githubusercontent.com/thewatermouse/thewatermouse.github.io/main/imagens_produtos/118540.jpg,https://thewatermouse.github.io/emporio.html,Vegetariano,,100
115966,Flocos Levecroc Milho Mascavo 250g,Vegetariano | Milho Mascavo | Marca: Levecroc | Embalagem: 250G,in stock,new,12.50 BRL,Levecroc,"Farinhas, Amidos & Panificação",https://raw.githubusercontent.com/thewatermouse/thewatermouse.github.io/main/imagens_produtos/115966.jpg,https://thewatermouse.github.io/emporio.html,Vegetariano,,100
114796,Fuba Milho Manovelho Orgânico 500g,Vegetariano · Orgânico | Organico | Marca: Manovelho | Embalagem: 500G,in stock,new,12.50 BRL,Manovelho,"Farinhas, Amidos & Panificação",https://raw.githubusercontent.com/thewatermouse/thewatermouse.github.io/main/imagens_produtos/114796.jpg,https://thewatermouse.github.io/emporio.html,Organico,Vegetariano,100
107723,Farinha Vitalin Amaranto Orgânica 120g,Vegetariano · Orgânico | Amaranto Organica | Marca: Vitalin | Embalagem: 120G,in stock,new,12.50 BRL,Vitalin,"Farinhas, Amidos & Panificação",https://raw.githubusercontent.com/thewatermouse/thewatermouse.github.io/main/imagens_produtos/107723.jpg,https://thewatermouse.github.io/emporio.html,Organico,Vegetariano,100
116053,Flocos Levecroc Aveia Media Sem Glúten 200g,Vegetariano · Sem Glúten | Aveia Media Sem Gluten | Marca: Levecroc | Embalagem: 200G,in stock,new,12.75 BRL,Levecroc,"Farinhas, Amidos & Panificação",https://raw.githubusercontent.com/thewatermouse/thewatermouse.github.io/main/imagens_produtos/116053.jpg,https://thewatermouse.github.io/emporio.html,Sem Gluten,Vegetariano,100
113654,Farinha Levecroc Aveia 200g,Vegetariano | Aveia | Marca: Levecroc | Embalagem: 200G,in stock,new,12.75 BRL,Levecroc,"Farinhas, Amidos & Panificação",https://raw.githubusercontent.com/thewatermouse/thewatermouse.github.io/main/imagens_produtos/113654.jpg,https://thewatermouse.github.io/emporio.html,Vegetariano,,100
113009,Flocos Levecroc Aveia Fina 200g,Vegetariano | Aveia Fina | Marca: Levecroc | Embalagem: 200G,in stock,new,12.75 BRL,Levecroc,"Farinhas, Amidos & Panificação",https://raw.githubusercontent.com/thewatermouse/thewatermouse.github.io/main/imagens_produtos/113009.jpg,https://thewatermouse.github.io/emporio.html,Vegetariano,,100
114564,Cloreto Magnesio Meissen Pó Sache 33g,Po Sache | Marca: Meissen | Embalagem: 33G,in stock,new,7.80 BRL,Meissen,Suplementos & Saúde,https://raw.githubusercontent.com/thewatermouse/thewatermouse.github.io/main/imagens_produtos/114564.jpg,https://thewatermouse.github.io/emporio.html,,,100
117702,Cap Essencialbio Espinheira Santa 60caps,Vegetariano | Espinheira Santa | Marca: Essencialbio | Embalagem: 60CAPS,in stock,new,23.20 BRL,Essencialbio,Suplementos & Saúde,https://raw.githubusercontent.com/thewatermouse/thewatermouse.github.io/main/imagens_produtos/117702.jpg,https://thewatermouse.github.io/emporio.html,Vegetariano,,100
119202,Cap Essencialbio Canela Velho Sucupira 60caps,Vegetariano | Canela Velho Sucupira | Marca: Essencialbio | Embalagem: 60CAPS,in stock,new,24.65 BRL,Essencialbio,Suplementos & Saúde,https://raw.githubusercontent.com/thewatermouse/thewatermouse.github.io/main/imagens_produtos/119202.jpg,https://thewatermouse.github.io/emporio.html,Vegetariano,,100
119697,Cap Essencialbio Melao Sao Caetano 60caps,Vegetariano | Melao Sao Caetano | Marca: Essencialbio | Embalagem: 60CAPS,in stock,new,26.90 BRL,Essencialbio,Suplementos & Saúde,https://raw.githubusercontent.com/thewatermouse/thewatermouse.github.io/main/imagens_produtos/119697.jpg,https://thewatermouse.github.io/emporio.html,Vegetariano,,100
119775,Cap Essencialbio Metilcobalamina 60caps,Vegetariano | Metilcobalamina | Marca: Essencialbio | Embalagem: 60CAPS,in stock,new,26.90 BRL,Essencialbio,Suplementos & Saúde,https://raw.githubusercontent.com/thewatermouse/thewatermouse.github.io/main/imagens_produtos/119775.jpg,https://thewatermouse.github.io/emporio.html,Vegetariano,,100
110530,Açaí Tui Pó 150g,Vegetariano | Po | Marca: Tui | Embalagem: 150G,in stock,new,27.20 BRL,Tui,Suplementos & Saúde,https://raw.githubusercontent.com/thewatermouse/thewatermouse.github.io/main/imagens_produtos/110530.jpg,https://thewatermouse.github.io/emporio.html,Vegetariano,,100
118560,Cap Essencialbio Psyllium 60caps,Vegetariano | Psyllium | Marca: Essencialbio | Embalagem: 60CAPS,in stock,new,28.70 BRL,Essencialbio,Suplementos & Saúde,https://raw.githubusercontent.com/thewatermouse/thewatermouse.github.io/main/imagens_produtos/118560.jpg,https://thewatermouse.github.io/emporio.html,Vegetariano,,100
119337,Cap Landerlabs Tribulus 60caps,Vegetariano | Tribulus | Marca: Landerlabs | Embalagem: 60CAPS,in stock,new,28.70 BRL,Landerlabs,Suplementos & Saúde,https://raw.githubusercontent.com/thewatermouse/thewatermouse.github.io/main/imagens_produtos/119337.jpg,https://thewatermouse.github.io/emporio.html,Vegetariano,,100
119087,Cap Essencialbio Moringa 60caps,Vegetariano | Moringa | Marca: Essencialbio | Embalagem: 60CAPS,in stock,new,29.60 BRL,Essencialbio,Suplementos & Saúde,https://raw.githubusercontent.com/thewatermouse/thewatermouse.github.io/main/imagens_produtos/119087.jpg,https://thewatermouse.github.io/emporio.html,Vegetariano,,100
118151,Cap Fauna Spirulina 60caps,Vegetariano | Spirulina | Marca: Fauna | Embalagem: 60CAPS,in stock,new,29.60 BRL,Fauna,Suplementos & Saúde,https://raw.githubusercontent.com/thewatermouse/thewatermouse.github.io/main/imagens_produtos/118151.jpg,https://thewatermouse.github.io/emporio.html,Vegetariano,,100
119743,Cap Essencialbio Valeriana 60caps,Vegetariano | Valeriana | Marca: Essencialbio | Embalagem: 60CAPS,in stock,new,29.95 BRL,Essencialbio,Suplementos & Saúde,https://raw.githubusercontent.com/thewatermouse/thewatermouse.github.io/main/imagens_produtos/119743.jpg,https://thewatermouse.github.io/emporio.html,Vegetariano,,100
118631,Cap Fauna Clorella 60caps,Vegetariano | Clorella | Marca: Fauna | Embalagem: 60CAPS,in stock,new,30.50 BRL,Fauna,Suplementos & Saúde,https://raw.githubusercontent.com/thewatermouse/thewatermouse.github.io/main/imagens_produtos/118631.jpg,https://thewatermouse.github.io/emporio.html,Vegetariano,,100
119201,Cap Fauna Propolis Verde 30caps,Vegetariano | Propolis Verde | Marca: Fauna | Embalagem: 30CAPS,in stock,new,31.40 BRL,Fauna,Suplementos & Saúde,https://raw.githubusercontent.com/thewatermouse/thewatermouse.github.io/main/imagens_produtos/119201.jpg,https://thewatermouse.github.io/emporio.html,Vegetariano,,100
119740,Cap Fauna Alho 90caps,Vegetariano | Alho | Marca: Fauna | Embalagem: 90CAPS,in stock,new,31.40 BRL,Fauna,Suplementos & Saúde,https://raw.githubusercontent.com/thewatermouse/thewatermouse.github.io/main/imagens_produtos/119740.jpg,https://thewatermouse.github.io/emporio.html,Vegetariano,,100
119417,Cap Reativa Carvao Ativado 60caps,Vegetariano | Reativa Carvao Ativado | Embalagem: 60CAPS,in stock,new,31.65 BRL,Melinda & Julius,Suplementos & Saúde,https://raw.githubusercontent.com/thewatermouse/thewatermouse.github.io/main/imagens_produtos/119417.jpg,https://thewatermouse.github.io/emporio.html,Vegetariano,,100
118608,Cap Tibirica Guarana 60caps,Vegetariano | Guarana | Marca: Tibirica | Embalagem: 60CAPS,in stock,new,34.90 BRL,Tibirica,Suplementos & Saúde,https://raw.githubusercontent.com/thewatermouse/thewatermouse.github.io/main/imagens_produtos/118608.jpg,https://thewatermouse.github.io/emporio.html,Vegetariano,,100
107974,Composto Ponlee Mel 135g,Vegetariano | Mel | Marca: Ponlee | Embalagem: 135G,in stock,new,36.40 BRL,Ponlee,Suplementos & Saúde,https://raw.githubusercontent.com/thewatermouse/thewatermouse.github.io/main/imagens_produtos/107974.jpg,https://thewatermouse.github.io/emporio.html,Vegetariano,,100
119648,Cap Copra Óleo Coco 60caps,Vegetariano | Oleo Coco | Marca: Copra | Embalagem: 60CAPS,in stock,new,36.80 BRL,Copra,Suplementos & Saúde,https://raw.githubusercontent.com/thewatermouse/thewatermouse.github.io/main/imagens_produtos/119648.jpg,https://thewatermouse.github.io/emporio.html,Vegetariano,,100
118881,Cap Landerlabs Mucuna 60caps,Vegetariano | Mucuna | Marca: Landerlabs | Embalagem: 60CAPS,in stock,new,38.20 BRL,Landerlabs,Suplementos & Saúde,https://raw.githubusercontent.com/thewatermouse/thewatermouse.github.io/main/imagens_produtos/118881.jpg,https://thewatermouse.github.io/emporio.html,Vegetariano,,100
116465,Guarana Tibirica 70g,Vegetariano | Marca: Tibirica | Embalagem: 70G,in stock,new,38.75 BRL,Tibirica,Suplementos & Saúde,https://raw.githubusercontent.com/thewatermouse/thewatermouse.github.io/main/imagens_produtos/116465.jpg,https://thewatermouse.github.io/emporio.html,Vegetariano,,100
108776,Incenso Ananda Limpeza Cravo Canela 9un,Limpeza Cravo Canela | Marca: Ananda | Embalagem: 9UN,in stock,new,13.40 BRL,Ananda,Incensos & Aromas,https://raw.githubusercontent.com/thewatermouse/thewatermouse.github.io/main/imagens_produtos/108776.jpg,https://thewatermouse.github.io/emporio.html,,,100
108477,Incenso Ananda Purificador Makoto,Purificador Makoto | Marca: Ananda,in stock,new,13.40 BRL,Ananda,Incensos & Aromas,https://raw.githubusercontent.com/thewatermouse/thewatermouse.github.io/main/imagens_produtos/108477.jpg,https://thewatermouse.github.io/emporio.html,,,100
108469,Incenso Ananda Tubo Relaxamento,Tubo Relaxamento | Marca: Ananda,in stock,new,13.40 BRL,Ananda,Incensos & Aromas,https://raw.githubusercontent.com/thewatermouse/thewatermouse.github.io/main/imagens_produtos/108469.jpg,https://thewatermouse.github.io/emporio.html,,,100
108481,Incenso Ananda Chakras Relaxamento,Chakras Relaxamento | Marca: Ananda,in stock,new,13.40 BRL,Ananda,Incensos & Aromas,https://raw.githubusercontent.com/thewatermouse/thewatermouse.github.io/main/imagens_produtos/108481.jpg,https://thewatermouse.github.io/emporio.html,,,100
108484,Incenso Ananda Purificador Sete Ervas,Purificador Sete Ervas | Marca: Ananda,in stock,new,13.40 BRL,Ananda,Incensos & Aromas,https://raw.githubusercontent.com/thewatermouse/thewatermouse.github.io/main/imagens_produtos/108484.jpg,https://thewatermouse.github.io/emporio.html,,,100
114056,Incenso Ananda Purificador Sandalo,Purificador Sandalo | Marca: Ananda,in stock,new,13.40 BRL,Ananda,Incensos & Aromas,https://raw.githubusercontent.com/thewatermouse/thewatermouse.github.io/main/imagens_produtos/114056.jpg,https://thewatermouse.github.io/emporio.html,,,100
108701,Incenso Ananda Purificador Alfazema,Purificador Alfazema | Marca: Ananda,in stock,new,13.40 BRL,Ananda,Incensos & Aromas,https://raw.githubusercontent.com/thewatermouse/thewatermouse.github.io/main/imagens_produtos/108701.jpg,https://thewatermouse.github.io/emporio.html,,,100
115129,Incenso Ananda Purificador Abre Caminhos,Purificador Abre Caminhos | Marca: Ananda,in stock,new,13.40 BRL,Ananda,Incensos & Aromas,https://raw.githubusercontent.com/thewatermouse/thewatermouse.github.io/main/imagens_produtos/115129.jpg,https://thewatermouse.github.io/emporio.html,,,100
114067,Incenso Ananda Purificador Canela,Purificador Canela | Marca: Ananda,in stock,new,13.40 BRL,Ananda,Incensos & Aromas,https://raw.githubusercontent.com/thewatermouse/thewatermouse.github.io/main/imagens_produtos/114067.jpg,https://thewatermouse.github.io/emporio.html,,,100
104612,Incenso Ananda Tubo Palo Santo Lavanda,Tubo Palo Santo Lavanda | Marca: Ananda,in stock,new,13.40 BRL,Ananda,Incensos & Aromas,https://raw.githubusercontent.com/thewatermouse/thewatermouse.github.io/main/imagens_produtos/104612.jpg,https://thewatermouse.github.io/emporio.html,,,100
108486,Incenso Ananda Tubo Natural,Tubo Natural | Marca: Ananda,in stock,new,13.40 BRL,Ananda,Incensos & Aromas,https://raw.githubusercontent.com/thewatermouse/thewatermouse.github.io/main/imagens_produtos/108486.jpg,https://thewatermouse.github.io/emporio.html,,,100
108704,Incenso Ananda Purificador Luz Violeta,Purificador Luz Violeta | Marca: Ananda,in stock,new,13.40 BRL,Ananda,Incensos & Aromas,https://raw.githubusercontent.com/thewatermouse/thewatermouse.github.io/main/imagens_produtos/108704.jpg,https://thewatermouse.github.io/emporio.html,,,100
115791,Incenso Ananda Premium Palo Santo,Premium Palo Santo | Marca: Ananda,in stock,new,13.40 BRL,Ananda,Incensos & Aromas,https://raw.githubusercontent.com/thewatermouse/thewatermouse.github.io/main/imagens_produtos/115791.jpg,https://thewatermouse.github.io/emporio.html,,,100
108487,Incenso Ananda Ashtar,Ashtar | Marca: Ananda,in stock,new,13.40 BRL,Ananda,Incensos & Aromas,https://raw.githubusercontent.com/thewatermouse/thewatermouse.github.io/main/imagens_produtos/108487.jpg,https://thewatermouse.github.io/emporio.html,,,100
104605,Incenso Ananda Tubo Salvia Guine,Tubo Salvia Guine | Marca: Ananda,in stock,new,13.40 BRL,Ananda,Incensos & Aromas,https://raw.githubusercontent.com/thewatermouse/thewatermouse.github.io/main/imagens_produtos/104605.jpg,https://thewatermouse.github.io/emporio.html,,,100
114068,Incenso Ananda Premium Olibano,Premium Olibano | Marca: Ananda,in stock,new,13.40 BRL,Ananda,Incensos & Aromas,https://raw.githubusercontent.com/thewatermouse/thewatermouse.github.io/main/imagens_produtos/114068.jpg,https://thewatermouse.github.io/emporio.html,,,100
104608,Incenso Ananda Tubo Cinnnamon,Tubo Cinnnamon | Marca: Ananda,in stock,new,13.40 BRL,Ananda,Incensos & Aromas,https://raw.githubusercontent.com/thewatermouse/thewatermouse.github.io/main/imagens_produtos/104608.jpg,https://thewatermouse.github.io/emporio.html,,,100
119606,Incenso Ananda Purificador Salvia,Purificador Salvia | Marca: Ananda,in stock,new,13.40 BRL,Ananda,Incensos & Aromas,https://raw.githubusercontent.com/thewatermouse/thewatermouse.github.io/main/imagens_produtos/119606.jpg,https://thewatermouse.github.io/emporio.html,,,100
119605,Incenso Ananda Premium Seivas Naturais,Premium Seivas Naturais | Marca: Ananda,in stock,new,13.40 BRL,Ananda,Incensos & Aromas,https://raw.githubusercontent.com/thewatermouse/thewatermouse.github.io/main/imagens_produtos/119605.jpg,https://thewatermouse.github.io/emporio.html,,,100
108478,Incenso Ananda Purificador Rosas,Purificador Rosas | Marca: Ananda,in stock,new,13.40 BRL,Ananda,Incensos & Aromas,https://raw.githubusercontent.com/thewatermouse/thewatermouse.github.io/main/imagens_produtos/108478.jpg,https://thewatermouse.github.io/emporio.html,,,100
104686,Incenso Inca Matristica Deusas 4un,Matristica Deusas | Marca: Inca | Embalagem: 4UN,in stock,new,14.95 BRL,Inca,Incensos & Aromas,https://raw.githubusercontent.com/thewatermouse/thewatermouse.github.io/main/imagens_produtos/104686.jpg,https://thewatermouse.github.io/emporio.html,,,100
118354,Incenso Inca Matristica 7ervas 4un,Matristica 7Ervas | Marca: Inca | Embalagem: 4UN,in stock,new,14.95 BRL,Inca,Incensos & Aromas,https://raw.githubusercontent.com/thewatermouse/thewatermouse.github.io/main/imagens_produtos/118354.jpg,https://thewatermouse.github.io/emporio.html,,,100
112988,Incenso Inca Alquimia Jasmine Mandarim 4un,Alquimia Jasmine Mandarim | Marca: Inca | Embalagem: 4UN,in stock,new,14.95 BRL,Inca,Incensos & Aromas,https://raw.githubusercontent.com/thewatermouse/thewatermouse.github.io/main/imagens_produtos/112988.jpg,https://thewatermouse.github.io/emporio.html,,,100
118503,Incenso Inca Alquimia Citronela 4un,Alquimia Citronela | Marca: Inca | Embalagem: 4UN,in stock,new,14.95 BRL,Inca,Incensos & Aromas,https://raw.githubusercontent.com/thewatermouse/thewatermouse.github.io/main/imagens_produtos/118503.jpg,https://thewatermouse.github.io/emporio.html,,,100
118502,Incenso Inca Alquimia Maçã 4un,Alquimia Maca | Marca: Inca | Embalagem: 4UN,in stock,new,14.95 BRL,Inca,Incensos & Aromas,https://raw.githubusercontent.com/thewatermouse/thewatermouse.github.io/main/imagens_produtos/118502.jpg,https://thewatermouse.github.io/emporio.html,,,100
112982,Incenso Inca Alquimia Maracuja 4un,Alquimia Maracuja | Marca: Inca | Embalagem: 4UN,in stock,new,14.95 BRL,Inca,Incensos & Aromas,https://raw.githubusercontent.com/thewatermouse/thewatermouse.github.io/main/imagens_produtos/112982.jpg,https://thewatermouse.github.io/emporio.html,,,100
115255,Creme Not Leite 200ml,Leite | Marca: Not | Embalagem: 200ML,in stock,new,6.65 BRL,Not,Cosméticos & Higiene,https://raw.githubusercontent.com/thewatermouse/thewatermouse.github.io/main/imagens_produtos/115255.jpg,https://thewatermouse.github.io/emporio.html,,,100
114155,Dental Care Petvegan Maçã Espinafre Menta 150g,Maca Espinafre Menta | Marca: Petvegan | Embalagem: 150G,in stock,new,21.50 BRL,Petvegan,Cosméticos & Higiene,https://raw.githubusercontent.com/thewatermouse/thewatermouse.github.io/main/imagens_produtos/114155.jpg,https://thewatermouse.github.io/emporio.html,Vegano,,100
119110,Creme Dental Boni Hortelã Cúrcuma 90g,Hortela Curcuma | Marca: Boni | Embalagem: 90G,in stock,new,24.90 BRL,Boni,Cosméticos & Higiene,https://raw.githubusercontent.com/thewatermouse/thewatermouse.github.io/main/imagens_produtos/119110.jpg,https://thewatermouse.github.io/emporio.html,,,100
117383,Desodorante Suavetex Camomila 120ml,Camomila | Marca: Suavetex | Embalagem: 120ML,in stock,new,29.70 BRL,Suavetex,Cosméticos & Higiene,https://raw.githubusercontent.com/thewatermouse/thewatermouse.github.io/main/imagens_produtos/117383.jpg,https://thewatermouse.github.io/emporio.html,,,100
118546,Creme Dental Suavetex Cba 80g,Cba | Marca: Suavetex | Embalagem: 80G,in stock,new,29.90 BRL,Suavetex,Cosméticos & Higiene,https://raw.githubusercontent.com/thewatermouse/thewatermouse.github.io/main/imagens_produtos/118546.jpg,https://thewatermouse.github.io/emporio.html,,,100
116753,Hidratante Labial On Suavetex 10g,Marca: Suavetex | Embalagem: 10G,in stock,new,33.20 BRL,Suavetex,Cosméticos & Higiene,https://raw.githubusercontent.com/thewatermouse/thewatermouse.github.io/main/imagens_produtos/116753.jpg,https://thewatermouse.github.io/emporio.html,,,100
117912,Higienizante Bucal Livealoe 250ml,Marca: Livealoe | Embalagem: 250ML,in stock,new,43.10 BRL,Livealoe,Cosméticos & Higiene,https://raw.githubusercontent.com/thewatermouse/thewatermouse.github.io/main/imagens_produtos/117912.jpg,https://thewatermouse.github.io/emporio.html,,,100
117386,Condicionador Suavetex Coco Argan 200ml,Coco Argan | Marca: Suavetex | Embalagem: 200ML,in stock,new,45.95 BRL,Suavetex,Cosméticos & Higiene,https://raw.githubusercontent.com/thewatermouse/thewatermouse.github.io/main/imagens_produtos/117386.jpg,https://thewatermouse.github.io/emporio.html,,,100
114851,Desodorante Phyto Hill 60ml,Hill | Marca: Phyto | Embalagem: 60ML,in stock,new,47.60 BRL,Phyto,Cosméticos & Higiene,https://raw.githubusercontent.com/thewatermouse/thewatermouse.github.io/main/imagens_produtos/114851.jpg,https://thewatermouse.github.io/emporio.html,,,100
115384,Elixir Capilar WNF Raizes Fortes 30ml,Raizes Fortes | Marca: Wnf | Embalagem: 30ML,in stock,new,48.60 BRL,Wnf,Cosméticos & Higiene,https://raw.githubusercontent.com/thewatermouse/thewatermouse.github.io/main/imagens_produtos/115384.jpg,https://thewatermouse.github.io/emporio.html,,,100
117241,Desodorante Livealoe Aloe Geranio 120ml,Aloe Geranio | Marca: Livealoe | Embalagem: 120ML,in stock,new,50.30 BRL,Livealoe,Cosméticos & Higiene,https://raw.githubusercontent.com/thewatermouse/thewatermouse.github.io/main/imagens_produtos/117241.jpg,https://thewatermouse.github.io/emporio.html,,,100
117117,Desodorante Livealoe Aloe Copaiba 120ml,Aloe Copaiba | Marca: Livealoe | Embalagem: 120ML,in stock,new,50.30 BRL,Livealoe,Cosméticos & Higiene,https://raw.githubusercontent.com/thewatermouse/thewatermouse.github.io/main/imagens_produtos/117117.jpg,https://thewatermouse.github.io/emporio.html,,,100
117401,Desodorante Livealoe Aloe Sem Prefume 120ml,Aloe Sem Prefume | Marca: Livealoe | Embalagem: 120ML,in stock,new,51.75 BRL,Livealoe,Cosméticos & Higiene,https://raw.githubusercontent.com/thewatermouse/thewatermouse.github.io/main/imagens_produtos/117401.jpg,https://thewatermouse.github.io/emporio.html,,,100
117038,Leavein Livealoe Frutas 210ml,Frutas | Marca: Livealoe | Embalagem: 210ML,in stock,new,53.75 BRL,Livealoe,Cosméticos & Higiene,https://raw.githubusercontent.com/thewatermouse/thewatermouse.github.io/main/imagens_produtos/117038.jpg,https://thewatermouse.github.io/emporio.html,,,100
119844,Creme Livealoe Pes Pernas 100g,Pes Pernas | Marca: Livealoe | Embalagem: 100G,in stock,new,54.60 BRL,Livealoe,Cosméticos & Higiene,https://raw.githubusercontent.com/thewatermouse/thewatermouse.github.io/main/imagens_produtos/119844.jpg,https://thewatermouse.github.io/emporio.html,,,100
119843,Creme Livealoe Maos Unhas 100g,Maos Unhas | Marca: Livealoe | Embalagem: 100G,in stock,new,55.80 BRL,Livealoe,Cosméticos & Higiene,https://raw.githubusercontent.com/thewatermouse/thewatermouse.github.io/main/imagens_produtos/119843.jpg,https://thewatermouse.github.io/emporio.html,,,100
119845,Gelaloe Cúrcuma Livealoe 100g,Marca: Livealoe | Embalagem: 100G,in stock,new,57.20 BRL,Livealoe,Cosméticos & Higiene,https://raw.githubusercontent.com/thewatermouse/thewatermouse.github.io/main/imagens_produtos/119845.jpg,https://thewatermouse.github.io/emporio.html,,,100
114282,Condicionador Livealoe Aloe Manga 200ml,Aloe Manga | Marca: Livealoe | Embalagem: 200ML,in stock,new,57.90 BRL,Livealoe,Cosméticos & Higiene,https://raw.githubusercontent.com/thewatermouse/thewatermouse.github.io/main/imagens_produtos/114282.jpg,https://thewatermouse.github.io/emporio.html,,,100
117805,Biscoito Mrtaste Arroz Chocolate 22g,Vegetariano | Mrtaste Arroz Chocolate | Embalagem: 22G,in stock,new,4.95 BRL,Melinda & Julius,Biscoitos & Crackers,https://raw.githubusercontent.com/thewatermouse/thewatermouse.github.io/main/imagens_produtos/117805.jpg,https://thewatermouse.github.io/emporio.html,Vegetariano,,100
112022,Biscoito Polvilho Crilancha Beterraba 20g,Vegetariano | Beterraba | Marca: Crilancha | Embalagem: 20G,in stock,new,5.30 BRL,Crilancha,Biscoitos & Crackers,https://raw.githubusercontent.com/thewatermouse/thewatermouse.github.io/main/imagens_produtos/112022.jpg,https://thewatermouse.github.io/emporio.html,Vegetariano,,100
108742,Biscoito Lowcucar Leite 95g,Vegetariano | Leite | Marca: Lowcucar | Embalagem: 95G,in stock,new,7.95 BRL,Lowcucar,Biscoitos & Crackers,https://raw.githubusercontent.com/thewatermouse/thewatermouse.github.io/main/imagens_produtos/108742.jpg,https://thewatermouse.github.io/emporio.html,Vegetariano,,100
118576,Biscoito Naturallife Arroz Recheado Amendoim 40g,Vegetariano | Arroz Recheado Amendoim | Marca: Naturallife | Embalagem: 40G,in stock,new,8.55 BRL,Naturallife,Biscoitos & Crackers,https://raw.githubusercontent.com/thewatermouse/thewatermouse.github.io/main/imagens_produtos/118576.jpg,https://thewatermouse.github.io/emporio.html,Vegetariano,,100
112361,Biscoito Minnas Rosca Nata 90g,Vegetariano | Rosca Nata | Marca: Minnas | Embalagem: 90G,in stock,new,9.80 BRL,Minnas,Biscoitos & Crackers,https://raw.githubusercontent.com/thewatermouse/thewatermouse.github.io/main/imagens_produtos/112361.jpg,https://thewatermouse.github.io/emporio.html,Vegetariano,,100
117855,Biscoito Naturallife Maizena 112g,Vegetariano | Maizena | Marca: Naturallife | Embalagem: 112G,in stock,new,10.25 BRL,Naturallife,Biscoitos & Crackers,https://raw.githubusercontent.com/thewatermouse/thewatermouse.github.io/main/imagens_produtos/117855.jpg,https://thewatermouse.github.io/emporio.html,Vegetariano,,100
116798,Biscoito Arroz Fitfood 90g,Vegetariano | Marca: Fitfood | Embalagem: 90G,in stock,new,10.45 BRL,Fitfood,Biscoitos & Crackers,https://raw.githubusercontent.com/thewatermouse/thewatermouse.github.io/main/imagens_produtos/116798.jpg,https://thewatermouse.github.io/emporio.html,Vegetariano,,100
113809,Biscoito Lowcucar Maizena Chocolate 150g,Vegetariano | Maizena Chocolate | Marca: Lowcucar | Embalagem: 150G,in stock,new,11.45 BRL,Lowcucar,Biscoitos & Crackers,https://raw.githubusercontent.com/thewatermouse/thewatermouse.github.io/main/imagens_produtos/113809.jpg,https://thewatermouse.github.io/emporio.html,Vegetariano,,100
116367,Biscoito Arroz Camil Chia 150g,Vegetariano | Chia | Marca: Camil | Embalagem: 150G,in stock,new,11.60 BRL,Camil,Biscoitos & Crackers,https://raw.githubusercontent.com/thewatermouse/thewatermouse.github.io/main/imagens_produtos/116367.jpg,https://thewatermouse.github.io/emporio.html,Vegetariano,,100
108850,Biscoito Duceu Alho Aveia 90g,Vegetariano | Alho Aveia | Marca: Duceu | Embalagem: 90G,in stock,new,12.50 BRL,Duceu,Biscoitos & Crackers,https://raw.githubusercontent.com/thewatermouse/thewatermouse.github.io/main/imagens_produtos/108850.jpg,https://thewatermouse.github.io/emporio.html,Vegetariano,,100
107367,Biscoito Duceu Aveia Passas 100g,Vegetariano | Aveia Passas | Marca: Duceu | Embalagem: 100G,in stock,new,12.50 BRL,Duceu,Biscoitos & Crackers,https://raw.githubusercontent.com/thewatermouse/thewatermouse.github.io/main/imagens_produtos/107367.jpg,https://thewatermouse.github.io/emporio.html,Vegetariano,,100
119903,Biscoito Naturallife Maizena Chocolate 112g,Vegetariano | Maizena Chocolate | Marca: Naturallife | Embalagem: 112G,in stock,new,12.50 BRL,Naturallife,Biscoitos & Crackers,https://raw.githubusercontent.com/thewatermouse/thewatermouse.github.io/main/imagens_produtos/119903.jpg,https://thewatermouse.github.io/emporio.html,Vegetariano,,100
108840,Biscoito Duceu Linhaça 90g,Vegetariano | Linhaca | Marca: Duceu | Embalagem: 90G,in stock,new,12.50 BRL,Duceu,Biscoitos & Crackers,https://raw.githubusercontent.com/thewatermouse/thewatermouse.github.io/main/imagens_produtos/108840.jpg,https://thewatermouse.github.io/emporio.html,Vegetariano,,100
107319,Biscoito Duceu Cacau 100g,Vegetariano | Cacau | Marca: Duceu | Embalagem: 100G,in stock,new,12.50 BRL,Duceu,Biscoitos & Crackers,https://raw.githubusercontent.com/thewatermouse/thewatermouse.github.io/main/imagens_produtos/107319.jpg,https://thewatermouse.github.io/emporio.html,Vegetariano,,100
105913,Cookie Kanazawa Coco 150g,Vegetariano | Coco | Marca: Kanazawa | Embalagem: 150G,in stock,new,13.60 BRL,Kanazawa,Biscoitos & Crackers,https://raw.githubusercontent.com/thewatermouse/thewatermouse.github.io/main/imagens_produtos/105913.jpg,https://thewatermouse.github.io/emporio.html,Vegetariano,,100
110088,Biscoito Duceu Sem Glúten Linhaça 70g,Vegetariano · Sem Glúten | Sem Gluten Linhaca | Marca: Duceu | Embalagem: 70G,in stock,new,13.85 BRL,Duceu,Biscoitos & Crackers,https://raw.githubusercontent.com/thewatermouse/thewatermouse.github.io/main/imagens_produtos/110088.jpg,https://thewatermouse.github.io/emporio.html,Sem Gluten,Vegetariano,100
109350,Biscoito Duceu Sem Glúten Cacau 70g,Vegetariano · Sem Glúten | Sem Gluten Cacau | Marca: Duceu | Embalagem: 70G,in stock,new,13.85 BRL,Duceu,Biscoitos & Crackers,https://raw.githubusercontent.com/thewatermouse/thewatermouse.github.io/main/imagens_produtos/109350.jpg,https://thewatermouse.github.io/emporio.html,Sem Gluten,Vegetariano,100
109045,Cracker Naturallife Páprica 84g,Vegetariano | Paprica | Marca: Naturallife | Embalagem: 84G,in stock,new,14.30 BRL,Naturallife,Biscoitos & Crackers,https://raw.githubusercontent.com/thewatermouse/thewatermouse.github.io/main/imagens_produtos/109045.jpg,https://thewatermouse.github.io/emporio.html,Vegetariano,,100
109215,Cookie Jasmine Sem Glúten Castanha para 150g,Vegetariano · Sem Glúten | Sem Gluten Castanha Para | Marca: Jasmine | Embalagem: 150G,in stock,new,14.30 BRL,Jasmine,Biscoitos & Crackers,https://raw.githubusercontent.com/thewatermouse/thewatermouse.github.io/main/imagens_produtos/109215.jpg,https://thewatermouse.github.io/emporio.html,Sem Gluten,Vegetariano,100
116133,Biscoito Arroz Fitfood Chocolate Amargo 70g,Vegetariano | Chocolate Amargo | Marca: Fitfood | Embalagem: 70G,in stock,new,14.30 BRL,Fitfood,Biscoitos & Crackers,https://raw.githubusercontent.com/thewatermouse/thewatermouse.github.io/main/imagens_produtos/116133.jpg,https://thewatermouse.github.io/emporio.html,Vegetariano,,100
105171,Extrato Soja Casaforte 300g,Vegetariano | Marca: Casaforte | Embalagem: 300G,in stock,new,7.80 BRL,Casaforte,Molhos & Condimentos,https://raw.githubusercontent.com/thewatermouse/thewatermouse.github.io/main/imagens_produtos/105171.jpg,https://thewatermouse.github.io/emporio.html,Vegetariano,,100
105743,Ketchup Jatoba Picante 250ml,Vegetariano | Picante | Marca: Jatoba | Embalagem: 250ML,in stock,new,24.90 BRL,Jatoba,Molhos & Condimentos,https://raw.githubusercontent.com/thewatermouse/thewatermouse.github.io/main/imagens_produtos/105743.jpg,https://thewatermouse.github.io/emporio.html,Vegetariano,,100
107333,Extrato Baunilha Valeso 30ml,Vegetariano | Marca: Valeso | Embalagem: 30ML,in stock,new,44.90 BRL,Valeso,Molhos & Condimentos,https://raw.githubusercontent.com/thewatermouse/thewatermouse.github.io/main/imagens_produtos/107333.jpg,https://thewatermouse.github.io/emporio.html,Vegetariano,,100
117895,Molho Pimenta Jatoba Cumari 45ml,Vegetariano | Cumari | Marca: Jatoba | Embalagem: 45ML | 💬 Preço a consultar — mande mensagem!,in stock,new,22.90 BRL,Jatoba,Molhos & Condimentos,https://raw.githubusercontent.com/thewatermouse/thewatermouse.github.io/main/imagens_produtos/117895.jpg,https://thewatermouse.github.io/emporio.html,Vegetariano,,100
119272,Molho Pimenta Jatoba Tucupi 45ml,Vegetariano | Tucupi | Marca: Jatoba | Embalagem: 45ML | 💬 Preço a consultar — mande mensagem!,in stock,new,22.90 BRL,Jatoba,Molhos & Condimentos,https://raw.githubusercontent.com/thewatermouse/thewatermouse.github.io/main/imagens_produtos/119272.jpg,https://thewatermouse.github.io/emporio.html,Vegetariano,,100
111782,Molho Pimenta Jatoba Chili 45ml,Vegetariano | Chili | Marca: Jatoba | Embalagem: 45ML | 💬 Preço a consultar — mande mensagem!,in stock,new,22.90 BRL,Jatoba,Molhos & Condimentos,https://raw.githubusercontent.com/thewatermouse/thewatermouse.github.io/main/imagens_produtos/111782.jpg,https://thewatermouse.github.io/emporio.html,Vegetariano,,100
119273,Molho Pimenta Jatoba Cachaca 45ml,Vegetariano | Cachaca | Marca: Jatoba | Embalagem: 45ML | 💬 Preço a consultar — mande mensagem!,in stock,new,22.90 BRL,Jatoba,Molhos & Condimentos,https://raw.githubusercontent.com/thewatermouse/thewatermouse.github.io/main/imagens_produtos/119273.jpg,https://thewatermouse.github.io/emporio.html,Vegetariano,,100
111779,Molho Pimenta Jatoba Jalapeno 45ml,Vegetariano | Jalapeno | Marca: Jatoba | Embalagem: 45ML | 💬 Preço a consultar — mande mensagem!,in stock,new,22.90 BRL,Jatoba,Molhos & Condimentos,https://raw.githubusercontent.com/thewatermouse/thewatermouse.github.io/main/imagens_produtos/111779.jpg,https://thewatermouse.github.io/emporio.html,Vegetariano,,100
111780,Molho Pimenta Jatoba Malagueta 45ml,Vegetariano | Malagueta | Marca: Jatoba | Embalagem: 45ML | 💬 Preço a consultar — mande mensagem!,in stock,new,22.90 BRL,Jatoba,Molhos & Condimentos,https://raw.githubusercontent.com/thewatermouse/thewatermouse.github.io/main/imagens_produtos/111780.jpg,https://thewatermouse.github.io/emporio.html,Vegetariano,,100
117893,Molho Pimenta Jatoba Habanero 45ml,Vegetariano | Habanero | Marca: Jatoba | Embalagem: 45ML | 💬 Preço a consultar — mande mensagem!,in stock,new,22.90 BRL,Jatoba,Molhos & Condimentos,https://raw.githubusercontent.com/thewatermouse/thewatermouse.github.io/main/imagens_produtos/117893.jpg,https://thewatermouse.github.io/emporio.html,Vegetariano,,100
117251,Molho Pimenta Jatoba Ginger Chili 50ml,Vegetariano | Ginger Chili | Marca: Jatoba | Embalagem: 50ML | 💬 Preço a consultar — mande mensagem!,in stock,new,27.90 BRL,Jatoba,Molhos & Condimentos,https://raw.githubusercontent.com/thewatermouse/thewatermouse.github.io/main/imagens_produtos/117251.jpg,https://thewatermouse.github.io/emporio.html,Vegetariano,,100
118679,Molho Pimenta Jatoba Cambuci 50ml,Vegetariano | Cambuci | Marca: Jatoba | Embalagem: 50ML | 💬 Preço a consultar — mande mensagem!,in stock,new,30.90 BRL,Jatoba,Molhos & Condimentos,https://raw.githubusercontent.com/thewatermouse/thewatermouse.github.io/main/imagens_produtos/118679.jpg,https://thewatermouse.github.io/emporio.html,Vegetariano,,100
111781,Molho Pimenta Jatoba Vermelha 50ml,Vegetariano | Vermelha | Marca: Jatoba | Embalagem: 50ML | 💬 Preço a consultar — mande mensagem!,in stock,new,27.90 BRL,Jatoba,Molhos & Condimentos,https://raw.githubusercontent.com/thewatermouse/thewatermouse.github.io/main/imagens_produtos/111781.jpg,https://thewatermouse.github.io/emporio.html,Vegetariano,,100
117252,Molho Pimenta Jatoba Biquinho 50ml,Vegetariano | Biquinho | Marca: Jatoba | Embalagem: 50ML | 💬 Preço a consultar — mande mensagem!,in stock,new,27.90 BRL,Jatoba,Molhos & Condimentos,https://raw.githubusercontent.com/thewatermouse/thewatermouse.github.io/main/imagens_produtos/117252.jpg,https://thewatermouse.github.io/emporio.html,Vegetariano,,100
118557,Molho Pimenta Jatoba Maracuja 50ml,Vegetariano | Maracuja | Marca: Jatoba | Embalagem: 50ML | 💬 Preço a consultar — mande mensagem!,in stock,new,27.90 BRL,Jatoba,Molhos & Condimentos,https://raw.githubusercontent.com/thewatermouse/thewatermouse.github.io/main/imagens_produtos/118557.jpg,https://thewatermouse.github.io/emporio.html,Vegetariano,,100
117894,Molho Pimenta Jatoba Indian Chili 50ml,Vegetariano | Indian Chili | Marca: Jatoba | Embalagem: 50ML | 💬 Preço a consultar — mande mensagem!,in stock,new,27.90 BRL,Jatoba,Molhos & Condimentos,https://raw.githubusercontent.com/thewatermouse/thewatermouse.github.io/main/imagens_produtos/117894.jpg,https://thewatermouse.github.io/emporio.html,Vegetariano,,100
117552,Molho Balsamico Jatoba 50ml,Vegetariano | Marca: Jatoba | Embalagem: 50ML | 💬 Preço a consultar — mande mensagem!,in stock,new,19.90 BRL,Jatoba,Molhos & Condimentos,https://raw.githubusercontent.com/thewatermouse/thewatermouse.github.io/main/imagens_produtos/117552.jpg,https://thewatermouse.github.io/emporio.html,Vegetariano,,100
117576,Shoyu MN Food Tradicional 150ml,Vegetariano | Tradicional | Marca: Mnfood | Embalagem: 150ML | 💬 Preço a consultar — mande mensagem!,in stock,new,19.10 BRL,Mnfood,Molhos & Condimentos,https://raw.githubusercontent.com/thewatermouse/thewatermouse.github.io/main/imagens_produtos/117576.jpg,https://thewatermouse.github.io/emporio.html,Vegetariano,,100
118821,Shoyu MN Food Suave 150ml,Vegetariano | Suave | Marca: Mnfood | Embalagem: 150ML | 💬 Preço a consultar — mande mensagem!,in stock,new,19.90 BRL,Mnfood,Molhos & Condimentos,https://raw.githubusercontent.com/thewatermouse/thewatermouse.github.io/main/imagens_produtos/118821.jpg,https://thewatermouse.github.io/emporio.html,Vegetariano,,100
115474,Molho Kenko Inglês 150ml,Vegetariano | Kenko Ingles | Embalagem: 150ML | 💬 Preço a consultar — mande mensagem!,in stock,new,4.70 BRL,Melinda & Julius,Molhos & Condimentos,https://raw.githubusercontent.com/thewatermouse/thewatermouse.github.io/main/imagens_produtos/115474.jpg,https://thewatermouse.github.io/emporio.html,Vegetariano,,100
118340,Shoyu MN Food Light 150ml,Vegetariano | Light | Marca: Mnfood | Embalagem: 150ML | 💬 Preço a consultar — mande mensagem!,in stock,new,18.68 BRL,Mnfood,Molhos & Condimentos,https://raw.githubusercontent.com/thewatermouse/thewatermouse.github.io/main/imagens_produtos/118340.jpg,https://thewatermouse.github.io/emporio.html,Vegetariano,,100
108684,Chá Chamel Tomilho 30g,Vegetariano | Tomilho | Marca: Chamel | Embalagem: 30G,in stock,new,5.40 BRL,Chamel,Chás & Infusões,https://raw.githubusercontent.com/thewatermouse/thewatermouse.github.io/main/imagens_produtos/108684.jpg,https://thewatermouse.github.io/emporio.html,Vegetariano,,100
112365,Chá Chamel Erva Baleeira 30g,Vegetariano | Erva Baleeira | Marca: Chamel | Embalagem: 30G,in stock,new,5.75 BRL,Chamel,Chás & Infusões,https://raw.githubusercontent.com/thewatermouse/thewatermouse.github.io/main/imagens_produtos/112365.jpg,https://thewatermouse.github.io/emporio.html,Vegetariano,,100
117342,Chá Chamel Oliveira 30g,Vegetariano | Oliveira | Marca: Chamel | Embalagem: 30G,in stock,new,5.95 BRL,Chamel,Chás & Infusões,https://raw.githubusercontent.com/thewatermouse/thewatermouse.github.io/main/imagens_produtos/117342.jpg,https://thewatermouse.github.io/emporio.html,Vegetariano,,100
113905,Chá Chamel Ipe Roxo 50g,Vegetariano | Ipe Roxo | Marca: Chamel | Embalagem: 50G,in stock,new,5.95 BRL,Chamel,Chás & Infusões,https://raw.githubusercontent.com/thewatermouse/thewatermouse.github.io/main/imagens_produtos/113905.jpg,https://thewatermouse.github.io/emporio.html,Vegetariano,,100
112936,Chá Chamel Abacateiro 30g,Vegetariano | Abacateiro | Marca: Chamel | Embalagem: 30G,in stock,new,6.20 BRL,Chamel,Chás & Infusões,https://raw.githubusercontent.com/thewatermouse/thewatermouse.github.io/main/imagens_produtos/112936.jpg,https://thewatermouse.github.io/emporio.html,Vegetariano,,100
105673,Chá Chamel Picao Preto 30g,Vegetariano | Picao Preto | Marca: Chamel | Embalagem: 30G,in stock,new,6.20 BRL,Chamel,Chás & Infusões,https://raw.githubusercontent.com/thewatermouse/thewatermouse.github.io/main/imagens_produtos/105673.jpg,https://thewatermouse.github.io/emporio.html,Vegetariano,,100
116678,Chá Chamel Sene 30g,Vegetariano | Sene | Marca: Chamel | Embalagem: 30G,in stock,new,6.20 BRL,Chamel,Chás & Infusões,https://raw.githubusercontent.com/thewatermouse/thewatermouse.github.io/main/imagens_produtos/116678.jpg,https://thewatermouse.github.io/emporio.html,Vegetariano,,100
114634,Chá Casaforte Hibiscus 50g,Vegetariano | Hibiscus | Marca: Casaforte | Embalagem: 50G,in stock,new,6.30 BRL,Casaforte,Chás & Infusões,https://raw.githubusercontent.com/thewatermouse/thewatermouse.github.io/main/imagens_produtos/114634.jpg,https://thewatermouse.github.io/emporio.html,Vegetariano,,100
105660,Chá Chamel Dente de Leao 30g,Vegetariano | Dente De Leao | Marca: Chamel | Embalagem: 30G,in stock,new,6.40 BRL,Chamel,Chás & Infusões,https://raw.githubusercontent.com/thewatermouse/thewatermouse.github.io/main/imagens_produtos/105660.jpg,https://thewatermouse.github.io/emporio.html,Vegetariano,,100
114680,Chá Chamel Hortelã 30g,Vegetariano | Hortela | Marca: Chamel | Embalagem: 30G,in stock,new,6.50 BRL,Chamel,Chás & Infusões,https://raw.githubusercontent.com/thewatermouse/thewatermouse.github.io/main/imagens_produtos/114680.jpg,https://thewatermouse.github.io/emporio.html,Vegetariano,,100
117398,Chá Chamel Pau Ferro 30g,Vegetariano | Pau Ferro | Marca: Chamel | Embalagem: 30G,in stock,new,6.60 BRL,Chamel,Chás & Infusões,https://raw.githubusercontent.com/thewatermouse/thewatermouse.github.io/main/imagens_produtos/117398.jpg,https://thewatermouse.github.io/emporio.html,Vegetariano,,100
119655,Chá Chamel Fucus 30g,Vegetariano | Fucus | Marca: Chamel | Embalagem: 30G,in stock,new,6.95 BRL,Chamel,Chás & Infusões,https://raw.githubusercontent.com/thewatermouse/thewatermouse.github.io/main/imagens_produtos/119655.jpg,https://thewatermouse.github.io/emporio.html,Vegetariano,,100
114826,Chá Chamel Cavalinha 30g,Vegetariano | Cavalinha | Marca: Chamel | Embalagem: 30G,in stock,new,7.10 BRL,Chamel,Chás & Infusões,https://raw.githubusercontent.com/thewatermouse/thewatermouse.github.io/main/imagens_produtos/114826.jpg,https://thewatermouse.github.io/emporio.html,Vegetariano,,100
117416,Chá Chamel Amora Branca 30g,Vegetariano | Amora Branca | Marca: Chamel | Embalagem: 30G,in stock,new,7.10 BRL,Chamel,Chás & Infusões,https://raw.githubusercontent.com/thewatermouse/thewatermouse.github.io/main/imagens_produtos/117416.jpg,https://thewatermouse.github.io/emporio.html,Vegetariano,,100
110964,Chá Chamel Mulungu 50g,Vegetariano | Mulungu | Marca: Chamel | Embalagem: 50G,in stock,new,7.10 BRL,Chamel,Chás & Infusões,https://raw.githubusercontent.com/thewatermouse/thewatermouse.github.io/main/imagens_produtos/110964.jpg,https://thewatermouse.github.io/emporio.html,Vegetariano,,100
117396,Chá Chamel Uxi Amarelo 30g,Vegetariano | Uxi Amarelo | Marca: Chamel | Embalagem: 30G,in stock,new,7.50 BRL,Chamel,Chás & Infusões,https://raw.githubusercontent.com/thewatermouse/thewatermouse.github.io/main/imagens_produtos/117396.jpg,https://thewatermouse.github.io/emporio.html,Vegetariano,,100
111284,Azeite Dende Cepera 200ml,Vegetariano | Marca: Cepera | Embalagem: 200ML,in stock,new,19.70 BRL,Cepera,Óleos & Gorduras,https://raw.githubusercontent.com/thewatermouse/thewatermouse.github.io/main/imagens_produtos/111284.jpg,https://thewatermouse.github.io/emporio.html,Vegetariano,,100
118431,Ghee Domafonso 200g,Vegetariano | Marca: Domafonso | Embalagem: 200G,in stock,new,30.85 BRL,Domafonso,Óleos & Gorduras,https://raw.githubusercontent.com/thewatermouse/thewatermouse.github.io/main/imagens_produtos/118431.jpg,https://thewatermouse.github.io/emporio.html,Vegetariano,,100
118674,Ghee Domafonso Flor Sal 200g,Vegetariano | Flor Sal | Marca: Domafonso | Embalagem: 200G,in stock,new,30.85 BRL,Domafonso,Óleos & Gorduras,https://raw.githubusercontent.com/thewatermouse/thewatermouse.github.io/main/imagens_produtos/118674.jpg,https://thewatermouse.github.io/emporio.html,Vegetariano,,100
109840,Aceto Balsamico Lapastina 500ml,Vegetariano | Marca: Lapastina | Embalagem: 500ML,in stock,new,37.10 BRL,Lapastina,Óleos & Gorduras,https://raw.githubusercontent.com/thewatermouse/thewatermouse.github.io/main/imagens_produtos/109840.jpg,https://thewatermouse.github.io/emporio.html,Vegetariano,,100
117005,Ghee Yamuna 150g,Vegetariano | Marca: Yamuna | Embalagem: 150G,in stock,new,39.25 BRL,Yamuna,Óleos & Gorduras,https://raw.githubusercontent.com/thewatermouse/thewatermouse.github.io/main/imagens_produtos/117005.jpg,https://thewatermouse.github.io/emporio.html,Vegetariano,,100
111689,Azeite Paraisoverde Abacate 250ml,Vegetariano | Abacate | Marca: Paraisoverde | Embalagem: 250ML,in stock,new,46.90 BRL,Paraisoverde,Óleos & Gorduras,https://raw.githubusercontent.com/thewatermouse/thewatermouse.github.io/main/imagens_produtos/111689.jpg,https://thewatermouse.github.io/emporio.html,Vegetariano,,100
111392,Azeite Hass Avocado Spray 128ml,Vegetariano | Avocado Spray | Marca: Hass | Embalagem: 128ML,in stock,new,48.40 BRL,Hass,Óleos & Gorduras,https://raw.githubusercontent.com/thewatermouse/thewatermouse.github.io/main/imagens_produtos/111392.jpg,https://thewatermouse.github.io/emporio.html,Vegetariano,,100
113852,Crema Balsamico Lapastina 250ml,Vegetariano | Marca: Lapastina | Embalagem: 250ML,in stock,new,49.40 BRL,Lapastina,Óleos & Gorduras,https://raw.githubusercontent.com/thewatermouse/thewatermouse.github.io/main/imagens_produtos/113852.jpg,https://thewatermouse.github.io/emporio.html,Vegetariano,,100
111285,Azeite Gallo Vermelho 500ml,Vegetariano | Vermelho | Marca: Gallo | Embalagem: 500ML,in stock,new,49.60 BRL,Gallo,Óleos & Gorduras,https://raw.githubusercontent.com/thewatermouse/thewatermouse.github.io/main/imagens_produtos/111285.jpg,https://thewatermouse.github.io/emporio.html,Vegetariano,,100
114262,Azeite Lapastina Extra Virgem 250ml,Vegetariano | Extra Virgem | Marca: Lapastina | Embalagem: 250ML,in stock,new,57.90 BRL,Lapastina,Óleos & Gorduras,https://raw.githubusercontent.com/thewatermouse/thewatermouse.github.io/main/imagens_produtos/114262.jpg,https://thewatermouse.github.io/emporio.html,Vegetariano,,100
114609,Ghee Damodara Vidro 480g,Vegetariano | Vidro | Marca: Damodara | Embalagem: 480G,in stock,new,64.80 BRL,Damodara,Óleos & Gorduras,https://raw.githubusercontent.com/thewatermouse/thewatermouse.github.io/main/imagens_produtos/114609.jpg,https://thewatermouse.github.io/emporio.html,Vegetariano,,100
104766,Azeite Native Orgânico 500ml,Vegetariano · Orgânico | Organico | Marca: Native | Embalagem: 500ML,in stock,new,107.90 BRL,Native,Óleos & Gorduras,https://raw.githubusercontent.com/thewatermouse/thewatermouse.github.io/main/imagens_produtos/104766.jpg,https://thewatermouse.github.io/emporio.html,Organico,Vegetariano,100
116112,Óleo WNF Ess Olibano 5ml,Vegetariano | Ess Olibano | Marca: Wnf | Embalagem: 5ML | 💬 Preço a consultar — mande mensagem!,in stock,new,49.90 BRL,Wnf,Óleos & Gorduras,https://raw.githubusercontent.com/thewatermouse/thewatermouse.github.io/main/imagens_produtos/116112.jpg,https://thewatermouse.github.io/emporio.html,Vegetariano,,100
119077,Óleo WNF Ess Tomilho 5ml,Vegetariano | Ess Tomilho | Marca: Wnf | Embalagem: 5ML | 💬 Preço a consultar — mande mensagem!,in stock,new,38.90 BRL,Wnf,Óleos & Gorduras,https://raw.githubusercontent.com/thewatermouse/thewatermouse.github.io/main/imagens_produtos/119077.jpg,https://thewatermouse.github.io/emporio.html,Vegetariano,,100
116122,Óleo WNF Ess Ylang 5ml,Vegetariano | Ess Ylang | Marca: Wnf | Embalagem: 5ML | 💬 Preço a consultar — mande mensagem!,in stock,new,51.90 BRL,Wnf,Óleos & Gorduras,https://raw.githubusercontent.com/thewatermouse/thewatermouse.github.io/main/imagens_produtos/116122.jpg,https://thewatermouse.github.io/emporio.html,Vegetariano,,100
112222,Óleo WNF Ess Salvia Sclarea 5ml,Vegetariano | Ess Salvia Sclarea | Marca: Wnf | Embalagem: 5ML | 💬 Preço a consultar — mande mensagem!,in stock,new,55.90 BRL,Wnf,Óleos & Gorduras,https://raw.githubusercontent.com/thewatermouse/thewatermouse.github.io/main/imagens_produtos/112222.jpg,https://thewatermouse.github.io/emporio.html,Vegetariano,,100
112436,Óleo WNF Ess Petitgrain 5ml,Vegetariano | Ess Petitgrain | Marca: Wnf | Embalagem: 5ML | 💬 Preço a consultar — mande mensagem!,in stock,new,47.97 BRL,Wnf,Óleos & Gorduras,https://raw.githubusercontent.com/thewatermouse/thewatermouse.github.io/main/imagens_produtos/112436.jpg,https://thewatermouse.github.io/emporio.html,Vegetariano,,100
106037,Óleo WNF Ess Patchouli 5ml,Vegetariano | Ess Patchouli | Marca: Wnf | Embalagem: 5ML | 💬 Preço a consultar — mande mensagem!,in stock,new,51.97 BRL,Wnf,Óleos & Gorduras,https://raw.githubusercontent.com/thewatermouse/thewatermouse.github.io/main/imagens_produtos/106037.jpg,https://thewatermouse.github.io/emporio.html,Vegetariano,,100
113926,Bucha Vegetal Sisal Un,Vegetal Sisal Un,in stock,new,5.75 BRL,Melinda & Julius,Limpeza,https://raw.githubusercontent.com/thewatermouse/thewatermouse.github.io/main/imagens_produtos/113926.jpg,https://thewatermouse.github.io/emporio.html,,,100
117119,Esponja Bioz Coco Un,Coco Un | Marca: Bioz,in stock,new,10.45 BRL,Bioz,Limpeza,https://raw.githubusercontent.com/thewatermouse/thewatermouse.github.io/main/imagens_produtos/117119.jpg,https://thewatermouse.github.io/emporio.html,,,100
119766,Detergente Bioz Neutro 470ml,Neutro | Marca: Bioz | Embalagem: 470ML,in stock,new,11.95 BRL,Bioz,Limpeza,https://raw.githubusercontent.com/thewatermouse/thewatermouse.github.io/main/imagens_produtos/119766.jpg,https://thewatermouse.github.io/emporio.html,,,100
119267,Detergente Bioz Capim Limão 470ml,Capim Limao | Marca: Bioz | Embalagem: 470ML,in stock,new,11.95 BRL,Bioz,Limpeza,https://raw.githubusercontent.com/thewatermouse/thewatermouse.github.io/main/imagens_produtos/119267.jpg,https://thewatermouse.github.io/emporio.html,,,100
114702,Lava Roupa Ufe Coco 500ml,Roupa Ufe Coco | Embalagem: 500ML,in stock,new,12.50 BRL,Melinda & Julius,Limpeza,https://raw.githubusercontent.com/thewatermouse/thewatermouse.github.io/main/imagens_produtos/114702.jpg,https://thewatermouse.github.io/emporio.html,,,100
113542,Esponja Ondaecoco Coco Un,Ondaecoco Coco Un,in stock,new,12.95 BRL,Melinda & Julius,Limpeza,https://raw.githubusercontent.com/thewatermouse/thewatermouse.github.io/main/imagens_produtos/113542.jpg,https://thewatermouse.github.io/emporio.html,,,100
119738,Lava Louca Milao Liquido Citrico 500ml,Milao Liquido Citrico | Marca: Louca | Embalagem: 500ML,in stock,new,13.40 BRL,Louca,Limpeza,https://raw.githubusercontent.com/thewatermouse/thewatermouse.github.io/main/imagens_produtos/119738.jpg,https://thewatermouse.github.io/emporio.html,,,100
113466,Lava Louca Milao Liquido Coco 500ml,Milao Liquido Coco | Marca: Louca | Embalagem: 500ML,in stock,new,13.40 BRL,Louca,Limpeza,https://raw.githubusercontent.com/thewatermouse/thewatermouse.github.io/main/imagens_produtos/113466.jpg,https://thewatermouse.github.io/emporio.html,,,100
118917,Alcool Liquido Itaja 92% 1l,Marca: Itaja | Embalagem: 1L,in stock,new,15.20 BRL,Itaja,Limpeza,https://raw.githubusercontent.com/thewatermouse/thewatermouse.github.io/main/imagens_produtos/118917.jpg,https://thewatermouse.github.io/emporio.html,,,100
105614,Esponja Biowash Vegetal Un,Vegetal Un | Marca: Biowash,in stock,new,16.90 BRL,Biowash,Limpeza,https://raw.githubusercontent.com/thewatermouse/thewatermouse.github.io/main/imagens_produtos/105614.jpg,https://thewatermouse.github.io/emporio.html,,,100
118292,Limpa Piso Biowash Refil 650ml,Refil | Marca: Biowash | Embalagem: 650ML,in stock,new,19.80 BRL,Biowash,Limpeza,https://raw.githubusercontent.com/thewatermouse/thewatermouse.github.io/main/imagens_produtos/118292.jpg,https://thewatermouse.github.io/emporio.html,,,100
105609,Limpa Vidros Biowash Refil 650ml,Refil | Marca: Biowash | Embalagem: 650ML,in stock,new,19.90 BRL,Biowash,Limpeza,https://raw.githubusercontent.com/thewatermouse/thewatermouse.github.io/main/imagens_produtos/105609.jpg,https://thewatermouse.github.io/emporio.html,,,100
105607,Limpa Banheiro Biowash Refil 650ml,Refil | Marca: Biowash | Embalagem: 650ML,in stock,new,19.90 BRL,Biowash,Limpeza,https://raw.githubusercontent.com/thewatermouse/thewatermouse.github.io/main/imagens_produtos/105607.jpg,https://thewatermouse.github.io/emporio.html,,,100
105600,Lava Louca Biowash Menta 650ml,Biowash Menta | Marca: Louca | Embalagem: 650ML,in stock,new,20.60 BRL,Louca,Limpeza,https://raw.githubusercontent.com/thewatermouse/thewatermouse.github.io/main/imagens_produtos/105600.jpg,https://thewatermouse.github.io/emporio.html,,,100
107565,Lakio Casaforte Cebolinha Conserva 100g,Vegetariano | Cebolinha Conserva | Marca: Casaforte | Embalagem: 100G,in stock,new,6.50 BRL,Casaforte,Conservas & Antepastos,https://raw.githubusercontent.com/thewatermouse/thewatermouse.github.io/main/imagens_produtos/107565.jpg,https://thewatermouse.github.io/emporio.html,Vegetariano,,100
115916,Alcaparra Arrifana 65g,Vegetariano | Marca: Arrifana | Embalagem: 65G,in stock,new,15.20 BRL,Arrifana,Conservas & Antepastos,https://raw.githubusercontent.com/thewatermouse/thewatermouse.github.io/main/imagens_produtos/115916.jpg,https://thewatermouse.github.io/emporio.html,Vegetariano,,100
106018,Azeitona Valefertil Preta Fatiada 160g,Vegetariano | Preta Fatiada | Marca: Valefertil | Embalagem: 160G,in stock,new,16.55 BRL,Valefertil,Conservas & Antepastos,https://raw.githubusercontent.com/thewatermouse/thewatermouse.github.io/main/imagens_produtos/106018.jpg,https://thewatermouse.github.io/emporio.html,Vegetariano,,100
119133,Azeitona Valefertil Verde Fatiada Vidro 160g,Vegetariano | Verde Fatiada Vidro | Marca: Valefertil | Embalagem: 160G,in stock,new,16.95 BRL,Valefertil,Conservas & Antepastos,https://raw.githubusercontent.com/thewatermouse/thewatermouse.github.io/main/imagens_produtos/119133.jpg,https://thewatermouse.github.io/emporio.html,Vegetariano,,100
113492,Alcaparra Lapastina 60g,Vegetariano | Marca: Lapastina | Embalagem: 60G,in stock,new,18.90 BRL,Lapastina,Conservas & Antepastos,https://raw.githubusercontent.com/thewatermouse/thewatermouse.github.io/main/imagens_produtos/113492.jpg,https://thewatermouse.github.io/emporio.html,Vegetariano,,100
113491,Azeitona Lapastina Verde Sem Caroco 150g,Vegetariano | Verde Sem Caroco | Marca: Lapastina | Embalagem: 150G,in stock,new,27.90 BRL,Lapastina,Conservas & Antepastos,https://raw.githubusercontent.com/thewatermouse/thewatermouse.github.io/main/imagens_produtos/113491.jpg,https://thewatermouse.github.io/emporio.html,Vegetariano,,100
110618,Lenkon Seco Raiz Lotus Casaforte 100g,Vegetariano | Marca: Casaforte | Embalagem: 100G,in stock,new,28.80 BRL,Casaforte,Conservas & Antepastos,https://raw.githubusercontent.com/thewatermouse/thewatermouse.github.io/main/imagens_produtos/110618.jpg,https://thewatermouse.github.io/emporio.html,Vegetariano,,100
119771,Alcachofra Lapastina Fundo Lata 190g,Vegetariano | Fundo Lata | Marca: Lapastina | Embalagem: 190G,in stock,new,29.85 BRL,Lapastina,Conservas & Antepastos,https://raw.githubusercontent.com/thewatermouse/thewatermouse.github.io/main/imagens_produtos/119771.jpg,https://thewatermouse.github.io/emporio.html,Vegetariano,,100
116256,Abóbora Calda Coopernatural 650g,Marca: Coopernatural | Embalagem: 650G,in stock,new,34.95 BRL,Coopernatural,Conservas & Antepastos,https://raw.githubusercontent.com/thewatermouse/thewatermouse.github.io/main/imagens_produtos/116256.jpg,https://thewatermouse.github.io/emporio.html,,,100
115249,Funghi Lapastina Porcini 10g,Vegetariano | Porcini | Marca: Lapastina | Embalagem: 10G,in stock,new,35.90 BRL,Lapastina,Conservas & Antepastos,https://raw.githubusercontent.com/thewatermouse/thewatermouse.github.io/main/imagens_produtos/115249.jpg,https://thewatermouse.github.io/emporio.html,Vegetariano,,100
114559,Chucrute Roxo Hengstenberg 650g,Vegetariano | Marca: Hengstenberg | Embalagem: 650G,in stock,new,38.60 BRL,Hengstenberg,Conservas & Antepastos,https://raw.githubusercontent.com/thewatermouse/thewatermouse.github.io/main/imagens_produtos/114559.jpg,https://thewatermouse.github.io/emporio.html,Vegetariano,,100
110767,Aspargo Lapastina Branco Crocante 170g,Vegetariano | Branco Crocante | Marca: Lapastina | Embalagem: 170G,in stock,new,39.50 BRL,Lapastina,Conservas & Antepastos,https://raw.githubusercontent.com/thewatermouse/thewatermouse.github.io/main/imagens_produtos/110767.jpg,https://thewatermouse.github.io/emporio.html,Vegetariano,,100
112768,Alfarroba Carob Castanha Caju 12g,Vegetariano | Castanha Caju | Marca: Carob | Embalagem: 12G,in stock,new,3.95 BRL,Carob,Chocolates & Cacau,https://raw.githubusercontent.com/thewatermouse/thewatermouse.github.io/main/imagens_produtos/112768.jpg,https://thewatermouse.github.io/emporio.html,Vegetariano,,100
112392,Alfarroba Carob Uva Passas 12g,Vegetariano | Uva Passas | Marca: Carob | Embalagem: 12G,in stock,new,3.95 BRL,Carob,Chocolates & Cacau,https://raw.githubusercontent.com/thewatermouse/thewatermouse.github.io/main/imagens_produtos/112392.jpg,https://thewatermouse.github.io/emporio.html,Vegetariano,,100
107714,Alfarroba Carob Coco 25g,Vegetariano | Coco | Marca: Carob | Embalagem: 25G,in stock,new,6.20 BRL,Carob,Chocolates & Cacau,https://raw.githubusercontent.com/thewatermouse/thewatermouse.github.io/main/imagens_produtos/107714.jpg,https://thewatermouse.github.io/emporio.html,Vegetariano,,100
115858,Bombom Flormel Avelã 12g,Vegetariano | Avela | Marca: Flormel | Embalagem: 12G,in stock,new,6.50 BRL,Flormel,Chocolates & Cacau,https://raw.githubusercontent.com/thewatermouse/thewatermouse.github.io/main/imagens_produtos/115858.jpg,https://thewatermouse.github.io/emporio.html,Vegetariano,,100
115859,Bombom Flormel Extra Cacau 12g,Vegetariano | Extra Cacau | Marca: Flormel | Embalagem: 12G,in stock,new,6.50 BRL,Flormel,Chocolates & Cacau,https://raw.githubusercontent.com/thewatermouse/thewatermouse.github.io/main/imagens_produtos/115859.jpg,https://thewatermouse.github.io/emporio.html,Vegetariano,,100
117143,Alfarroba Carob Laranja 25g,Vegetariano | Laranja | Marca: Carob | Embalagem: 25G,in stock,new,7.85 BRL,Carob,Chocolates & Cacau,https://raw.githubusercontent.com/thewatermouse/thewatermouse.github.io/main/imagens_produtos/117143.jpg,https://thewatermouse.github.io/emporio.html,Vegetariano,,100
108072,Bombom Goldko 70% Marshmallow Zero 11.5g,Vegetariano | Marshmallow Zero | Marca: Goldko | Embalagem: 11.5G,in stock,new,7.90 BRL,Goldko,Chocolates & Cacau,https://raw.githubusercontent.com/thewatermouse/thewatermouse.github.io/main/imagens_produtos/108072.jpg,https://thewatermouse.github.io/emporio.html,Vegetariano,,100
117483,Bombom Goldko Marshmellow Zero 11.5g,Vegetariano | Marshmellow Zero | Marca: Goldko | Embalagem: 11.5G,in stock,new,7.90 BRL,Goldko,Chocolates & Cacau,https://raw.githubusercontent.com/thewatermouse/thewatermouse.github.io/main/imagens_produtos/117483.jpg,https://thewatermouse.github.io/emporio.html,Vegetariano,,100
115479,Alfarroba Carob Cranberry 25g,Vegetariano | Cranberry | Marca: Carob | Embalagem: 25G,in stock,new,8.65 BRL,Carob,Chocolates & Cacau,https://raw.githubusercontent.com/thewatermouse/thewatermouse.github.io/main/imagens_produtos/115479.jpg,https://thewatermouse.github.io/emporio.html,Vegetariano,,100
117482,Chocolate Goldko Marshmellow Cacau 70% 20g,Vegetariano | Marshmellow Cacau | Marca: Goldko | Embalagem: 20G,in stock,new,9.75 BRL,Goldko,Chocolates & Cacau,https://raw.githubusercontent.com/thewatermouse/thewatermouse.github.io/main/imagens_produtos/117482.jpg,https://thewatermouse.github.io/emporio.html,Vegetariano,,100
117481,Chocolate Goldko Leite Coco Vegano Zero 20g,Vegano · Vegetariano | Leite Coco Vegano Zero | Marca: Goldko | Embalagem: 20G,in stock,new,9.75 BRL,Goldko,Chocolates & Cacau,https://raw.githubusercontent.com/thewatermouse/thewatermouse.github.io/main/imagens_produtos/117481.jpg,https://thewatermouse.github.io/emporio.html,Vegano,Vegetariano,100
112735,Cacau Pó Levecroc 100g,Vegetariano | Marca: Levecroc | Embalagem: 100G,in stock,new,14.30 BRL,Levecroc,Chocolates & Cacau,https://raw.githubusercontent.com/thewatermouse/thewatermouse.github.io/main/imagens_produtos/112735.jpg,https://thewatermouse.github.io/emporio.html,Vegetariano,,100
106127,Cacau Pó Sabordaterra 200g,Vegetariano | Marca: Sabordaterra | Embalagem: 200G,in stock,new,15.65 BRL,Sabordaterra,Chocolates & Cacau,https://raw.githubusercontent.com/thewatermouse/thewatermouse.github.io/main/imagens_produtos/106127.jpg,https://thewatermouse.github.io/emporio.html,Vegetariano,,100
106021,Alfarroba Carob Barra 45g,Vegetariano | Barra | Marca: Carob | Embalagem: 45G,in stock,new,16.70 BRL,Carob,Chocolates & Cacau,https://raw.githubusercontent.com/thewatermouse/thewatermouse.github.io/main/imagens_produtos/106021.jpg,https://thewatermouse.github.io/emporio.html,Vegetariano,,100
118740,Cacau Pó Shambala 120g,Vegetariano | Marca: Shambala | Embalagem: 120G,in stock,new,17.45 BRL,Shambala,Chocolates & Cacau,https://raw.githubusercontent.com/thewatermouse/thewatermouse.github.io/main/imagens_produtos/118740.jpg,https://thewatermouse.github.io/emporio.html,Vegetariano,,100
118115,Konjac Espaguete 200g,Vegetariano | Espaguete | Embalagem: 200G,in stock,new,24.20 BRL,Melinda & Julius,Massas,https://raw.githubusercontent.com/thewatermouse/thewatermouse.github.io/main/imagens_produtos/118115.jpg,https://thewatermouse.github.io/emporio.html,Vegetariano,,100
114047,Couscous Divella 500g,Vegetariano | Marca: Divella | Embalagem: 500G,in stock,new,33.20 BRL,Divella,Massas,https://raw.githubusercontent.com/thewatermouse/thewatermouse.github.io/main/imagens_produtos/114047.jpg,https://thewatermouse.github.io/emporio.html,Vegetariano,,100
113853,Couscous Lapastina 500g,Vegetariano | Marca: Lapastina | Embalagem: 500G,in stock,new,33.20 BRL,Lapastina,Massas,https://raw.githubusercontent.com/thewatermouse/thewatermouse.github.io/main/imagens_produtos/113853.jpg,https://thewatermouse.github.io/emporio.html,Vegetariano,,100
104652,Massa Harusame Longkow 200g,Vegetariano | Marca: Longkow | Embalagem: 200G | 💬 Preço a consultar — mande mensagem!,in stock,new,22.90 BRL,Longkow,Massas,https://raw.githubusercontent.com/thewatermouse/thewatermouse.github.io/main/imagens_produtos/104652.jpg,https://thewatermouse.github.io/emporio.html,Vegetariano,,100
119469,Massa Ceres Penne Lentilha Vermelha 200g,Vegetariano | Penne Lentilha Vermelha | Marca: Ceres | Embalagem: 200G | 💬 Preço a consultar — mande mensagem!,in stock,new,22.90 BRL,Ceres,Massas,https://raw.githubusercontent.com/thewatermouse/thewatermouse.github.io/main/imagens_produtos/119469.jpg,https://thewatermouse.github.io/emporio.html,Vegetariano,,100
112038,Massa Casarao Fusili Arroz Preto 200g,Vegetariano | Fusili Arroz Preto | Marca: Casarao | Embalagem: 200G | 💬 Preço a consultar — mande mensagem!,in stock,new,9.90 BRL,Casarao,Massas,https://raw.githubusercontent.com/thewatermouse/thewatermouse.github.io/main/imagens_produtos/112038.jpg,https://thewatermouse.github.io/emporio.html,Vegetariano,,100
110913,Massa Ceres Talharim Lentilha Vermelha 200g,Vegetariano | Talharim Lentilha Vermelha | Marca: Ceres | Embalagem: 200G | 💬 Preço a consultar — mande mensagem!,in stock,new,22.90 BRL,Ceres,Massas,https://raw.githubusercontent.com/thewatermouse/thewatermouse.github.io/main/imagens_produtos/110913.jpg,https://thewatermouse.github.io/emporio.html,Vegetariano,,100
110751,Massa Ceres Talharim Grão de Bico Espinafre 200g,Vegetariano | Talharim Grao De Bico Espinafre | Marca: Ceres | Embalagem: 200G | 💬 Preço a consultar — mande mensagem!,in stock,new,23.90 BRL,Ceres,Massas,https://raw.githubusercontent.com/thewatermouse/thewatermouse.github.io/main/imagens_produtos/110751.jpg,https://thewatermouse.github.io/emporio.html,Vegetariano,,100
110753,Massa Ceres Talharim Grão de Bico 200g,Vegetariano | Talharim Grao De Bico | Marca: Ceres | Embalagem: 200G | 💬 Preço a consultar — mande mensagem!,in stock,new,23.90 BRL,Ceres,Massas,https://raw.githubusercontent.com/thewatermouse/thewatermouse.github.io/main/imagens_produtos/110753.jpg,https://thewatermouse.github.io/emporio.html,Vegetariano,,100
104869,Massa Casarao Kids Penne Cenoura 200g,Vegetariano | Kids Penne Cenoura | Marca: Casarao | Embalagem: 200G | 💬 Preço a consultar — mande mensagem!,in stock,new,9.90 BRL,Casarao,Massas,https://raw.githubusercontent.com/thewatermouse/thewatermouse.github.io/main/imagens_produtos/104869.jpg,https://thewatermouse.github.io/emporio.html,Vegetariano,,100
105530,Massa Bifum Arroz 200g,Vegetariano | Bifum Arroz | Embalagem: 200G | 💬 Preço a consultar — mande mensagem!,in stock,new,15.90 BRL,Melinda & Julius,Massas,https://raw.githubusercontent.com/thewatermouse/thewatermouse.github.io/main/imagens_produtos/105530.jpg,https://thewatermouse.github.io/emporio.html,Vegetariano,,100
114524,Massa Casarao Avemaria 200g,Vegetariano | Avemaria | Marca: Casarao | Embalagem: 200G | 💬 Preço a consultar — mande mensagem!,in stock,new,13.90 BRL,Casarao,Massas,https://raw.githubusercontent.com/thewatermouse/thewatermouse.github.io/main/imagens_produtos/114524.jpg,https://thewatermouse.github.io/emporio.html,Vegetariano,,100
114830,Massa Casarao Curvi 200g,Vegetariano | Curvi | Marca: Casarao | Embalagem: 200G | 💬 Preço a consultar — mande mensagem!,in stock,new,6.87 BRL,Casarao,Massas,https://raw.githubusercontent.com/thewatermouse/thewatermouse.github.io/main/imagens_produtos/114830.jpg,https://thewatermouse.github.io/emporio.html,Vegetariano,,100
118737,Coco Ralado Copra Adocado 50g,Vegetariano | Adocado | Marca: Copra | Embalagem: 50G,in stock,new,5.30 BRL,Copra,Oleaginosas,https://raw.githubusercontent.com/thewatermouse/thewatermouse.github.io/main/imagens_produtos/118737.jpg,https://thewatermouse.github.io/emporio.html,Vegetariano,,100
115848,Amendoim Alibec Sem Pele Sem Sal 250g,Vegetariano | Sem Pele Sem Sal | Marca: Alibec | Embalagem: 250G,in stock,new,7.50 BRL,Alibec,Oleaginosas,https://raw.githubusercontent.com/thewatermouse/thewatermouse.github.io/main/imagens_produtos/115848.jpg,https://thewatermouse.github.io/emporio.html,Vegetariano,,100
117955,Amendoim Brasilfrutt Caramelizado 200g,Vegetariano | Caramelizado | Marca: Brasilfrutt | Embalagem: 200G,in stock,new,7.85 BRL,Brasilfrutt,Oleaginosas,https://raw.githubusercontent.com/thewatermouse/thewatermouse.github.io/main/imagens_produtos/117955.jpg,https://thewatermouse.github.io/emporio.html,Vegetariano,,100
104958,Amendoim Brasilfrutt Sem Pele com Sal 200g,Vegetariano | Sem Pele Com Sal | Marca: Brasilfrutt | Embalagem: 200G,in stock,new,8.50 BRL,Brasilfrutt,Oleaginosas,https://raw.githubusercontent.com/thewatermouse/thewatermouse.github.io/main/imagens_produtos/104958.jpg,https://thewatermouse.github.io/emporio.html,Vegetariano,,100
104980,Amendoim Brasilfrutt Sem Pele Sem Sal 200g,Vegetariano | Sem Pele Sem Sal | Marca: Brasilfrutt | Embalagem: 200G,in stock,new,8.75 BRL,Brasilfrutt,Oleaginosas,https://raw.githubusercontent.com/thewatermouse/thewatermouse.github.io/main/imagens_produtos/104980.jpg,https://thewatermouse.github.io/emporio.html,Vegetariano,,100
115732,Amendoim Alibec Graudo 250g,Vegetariano | Graudo | Marca: Alibec | Embalagem: 250G,in stock,new,9.80 BRL,Alibec,Oleaginosas,https://raw.githubusercontent.com/thewatermouse/thewatermouse.github.io/main/imagens_produtos/115732.jpg,https://thewatermouse.github.io/emporio.html,Vegetariano,,100
107770,Coco Ralado Sococo 100g,Vegetariano | Marca: Sococo | Embalagem: 100G,in stock,new,10.95 BRL,Sococo,Oleaginosas,https://raw.githubusercontent.com/thewatermouse/thewatermouse.github.io/main/imagens_produtos/107770.jpg,https://thewatermouse.github.io/emporio.html,Vegetariano,,100
117730,Amêndoa Confeitada Alibec Colorida 250g,Vegetariano | Colorida | Marca: Alibec | Embalagem: 250G,in stock,new,17.90 BRL,Alibec,Oleaginosas,https://raw.githubusercontent.com/thewatermouse/thewatermouse.github.io/main/imagens_produtos/117730.jpg,https://thewatermouse.github.io/emporio.html,Vegetariano,,100
114585,Castanha Caju Reobote Coco 150g,Vegetariano | Coco | Marca: Reobote | Embalagem: 150G,in stock,new,21.50 BRL,Reobote,Oleaginosas,https://raw.githubusercontent.com/thewatermouse/thewatermouse.github.io/main/imagens_produtos/114585.jpg,https://thewatermouse.github.io/emporio.html,Vegetariano,,100
112326,Castanha Caju Reobote Gergelim 150g,Vegetariano | Gergelim | Marca: Reobote | Embalagem: 150G,in stock,new,21.50 BRL,Reobote,Oleaginosas,https://raw.githubusercontent.com/thewatermouse/thewatermouse.github.io/main/imagens_produtos/112326.jpg,https://thewatermouse.github.io/emporio.html,Vegetariano,,100
